code_flag,gw_part_no,roll_length
DN,1091G08MA1,500.000
DN,1091G08MA1,500.000
DN,1091G08MA1,500.000
DN,1091G08MA1,500.000
DN,1091G08MA1,500.000
DN,1091G08MA1,500.000
DN,1091G08MA1,500.000
DN,1091G08MA1,500.000
DN,1091G08MA1,500.000
DN,1091G08MA1,500.000
DN,1091G08MA1,500.000
DN,1091G08MA1,500.000
DN,1091G08MA1,500.000
DN,1091G08MA1,500.000
DN,1091G08MA1,500.000
DN,1091G08MA1,500.000
DN,1091G08MA1,500.000
DN,1091G08MA1,500.000
DN,1091G08MA1,500.000
DN,1091G08MA1,500.000
DN,1091G08MA1,500.000
DN,1091G08MA1,500.000
DN,1091G08MA1,500.000
DA,1091A07M41,3000.000
DN,1091G07PA4,500.000
DN,1091G07PA4,500.000
DN,1091G07PA4,500.000
DN,1091G07PA4,500.000
DN,1091G07PA4,500.000
DN,1091G07PA4,500.000
DN,1091G07PA4,500.000
DN,1091G07PA4,500.000
DN,1091G07PA4,500.000
DN,1091G07PA4,500.000
DN,1091G07PA4,500.000
DN,1091G07PA4,500.000
DN,1091G07PA4,500.000
DN,1091G07PA4,500.000
DN,1091G07PA4,500.000
DF,1091A07T21,43.994
DF,1091A07T21,50.430
DF,1091A07T21,30.200
DF,1091A07T21,27.091
DF,1091A07T21,12.648
DF,1091A07T21,0.000
DF,1091A07T21,3.200
DF,1091A07T21,0.000
DF,1091A07T21,38.775
DF,1091A07T21,27.648
DF,1091A07T21,7.751
DF,1091A07T21,45.217
N,1091P07TP1,500.000
N,1091P07TP1,500.000
N,1091A07C21,3000.000
N,1091A07C21,3000.000
N,1091A07C21,3000.000
N,1091A07C21,3000.000
N,1091A07C21,3000.000
N,1091A07C21,3000.000
N,1091A07C21,3000.000
N,1091A07C21,3000.000
N,1091A07C21,3000.000
N,1091A07C21,3000.000
N,1091A07C21,3000.000
N,1091A07C21,3000.000
N,1091A07C21,3000.000
N,1091A07C21,3000.000
N,1091A07C21,3000.000
N,1091A07C21,3000.000
R,1091A07C21,1541.559
R,1091A07C21,1536.221
R,1091A07C21,2251.642
R,1091A07C21,1988.683
N,1091A08C21,3000.000
N,1091A08C21,3000.000
N,1091A08C21,3000.000
N,1091A08C21,3000.000
N,1091A08C21,3000.000
N,1091A08C21,3000.000
N,1091A08C21,3000.000
DN,1091G08MA1,500.000
DN,1091G08MA1,500.000
N,1091A07M41,3000.000
N,1091A07M41,3000.000
N,1091A07M41,3000.000
N,1091A07M41,3000.000
R,1091A07M41,1402.056
DN,1091C07NP3,1000.000
N,1091A09C41,3000.000
N,1091A09C41,3000.000
N,1091A09C41,3000.000
N,1091G08MA1,500.000
N,1091G08MA1,500.000
N,1091G08MA1,500.000
N,1091G08MA1,500.000
N,1091G08MA1,500.000
N,1091G08MA1,500.000
N,1091G08MA1,500.000
N,1091G08MA1,500.000
N,1091G08MA1,500.000
R,1091A10T41,1175.692
N,1091A07M41,3000.000
N,1091A07M41,3000.000
N,1091A07M41,3000.000
N,1091A07M41,3000.000
N,1091A07M41,3000.000
N,1091A07M41,3000.000
N,1091A07M41,3000.000
N,1091A07M41,3000.000
N,1091A07M41,3000.000
N,1091A07M41,3000.000
N,1091A07M41,3000.000
N,1091A07M41,3000.000
R,1091A10T41,1752.239
N,1091A10C41,2000.000
N,1091A10C41,2000.000
N,1091A12C41,1000.000
N,1091C08TP2,1000.000
N,1091C08TP2,1000.000
N,1091C08TP2,1000.000
N,1091C08TP2,1000.000
N,1091A07M41,3000.000
N,1091A07M41,3000.000
N,1091A07M41,3000.000
N,1091A07M41,3000.000
N,1091A07M41,3000.000
N,1091A07M41,3000.000
N,1091A07M41,3000.000
N,1091A07M41,3000.000
N,1091A07M41,3000.000
N,1091A07M41,3000.000
N,1091A07M41,3000.000
N,1091A12C41,1000.000
N,1091A12C41,1000.000
N,1091A12C41,1000.000
N,1091C08TP2,1000.000
N,1091C08TP2,1000.000
N,1091C08TP2,1000.000
N,1091C08TP2,1000.000
N,1091C08TP2,1000.000
N,1091A08T21,3000.000
N,1091A08T21,3000.000
N,1091A08T21,3000.000
N,1091A08T21,3000.000
N,1091A08T21,3000.000
N,1091A08T21,3000.000
N,1091A08C41,3000.000
N,1091A08C41,3000.000
N,1091A08C41,3000.000
N,1091A08C41,3000.000
N,1091A08C41,3000.000
N,1091A08C41,3000.000
N,1091A08C41,3000.000
N,1091A08C41,3000.000
N,1091A08C41,3000.000
N,1091A08C41,3000.000
N,1091A08C41,3000.000
N,1091A08C41,3000.000
N,1091A06C21,3000.000
N,1091A06C21,3000.000
N,1091A06C21,3000.000
N,1091A06C21,3000.000
N,1091A06C21,3000.000
N,1091A06C21,3000.000
N,1091A08T21,3000.000
R,1091A07M41,1867.694
R,1091A07M41,519.846
R,1091A07M41,403.254
F,1091A08C21,72.528
F,1091C08TP2,474.349
F,1091A08C21,114.387
N,1091A08C21,3000.000
N,1091A09C41,3000.000
N,1091A09C41,3000.000
N,1091A09C41,3000.000
N,1091A09C41,3000.000
N,1091A09C41,3000.000
N,1091A09C41,3000.000
N,1091A09C41,3000.000
N,1091A09C41,3000.000
N,1091A09C41,3000.000
N,1091A09C41,3000.000
N,1091A09C41,3000.000
N,1091A08T21,3000.000
N,1091A08T21,3000.000
N,1091A08T21,3000.000
N,1091A08T21,3000.000
N,1091A08T21,3000.000
N,1091A08T21,3000.000
F,1091A08C21,78.441
N,1091A07C21,3000.000
N,1091A07C21,3000.000
N,1091A07C21,3000.000
N,1091A07C21,3000.000
N,1091A07C21,3000.000
N,1091A07C21,3000.000
N,1091A07C21,3000.000
N,1091A07C21,3000.000
N,1091A07C21,3000.000
N,1091A07C21,3000.000
N,1091A07C21,3000.000
N,1091A07C21,3000.000
N,1091A09C21,3000.000
N,1091A09C21,3000.000
N,1091A09C21,3000.000
N,1091A09C21,3000.000
N,1091A09C21,3000.000
N,1091A09C21,3000.000
N,1091A09C21,3000.000
N,1091A09C21,3000.000
N,1091A09C21,3000.000
N,1091A09C21,3000.000
N,1091A09C21,3000.000
N,1091A09C21,3000.000
N,1091A07C21,3000.000
N,1091A07C21,3000.000
N,1091A07C21,3000.000
N,1091A07C21,3000.000
R,1091A09C41,1067.100
R,1091A09C41,1777.389
R,1091A09C41,1343.384
R,1091A09C41,2113.735
F,1091A08C21,42.083
N,1091A08T41,3000.000
N,1091A08T41,3000.000
N,1091A08T41,3000.000
N,1091A08T41,3000.000
N,1091A08T41,3000.000
N,1091A08T41,3000.000
N,1091A08T41,3000.000
F,1091A08C21,36.479
F,1091A08C41,78.703
R,1091A09C41,1079.988
N,1091A06C41,3000.000
N,1091A06C41,3000.000
N,1091A06C41,3000.000
N,1091A06C41,3000.000
N,1091A06C41,3000.000
N,1091A07T41,3000.000
N,1091A07T41,3000.000
N,1091A07T41,3000.000
N,1091A07T41,3000.000
N,1091A07T41,3000.000
N,1091A07T41,3000.000
N,1091A06C41,3000.000
N,1091A06C41,3000.000
N,1091A06C41,3000.000
N,1091A06C41,3000.000
N,1091A06C41,3000.000
N,1091A06C41,3000.000
N,1091A06C41,3000.000
N,1091A06C41,3000.000
N,1091A06C41,3000.000
N,1091A06C41,3000.000
N,1091A06C41,3000.000
R,1091A08C41,2160.452
R,1091A08C41,1633.793
R,1091A09C21,1987.634
R,1091A09C21,2901.192
R,1091A08C41,618.591
R,1091A09C21,2754.610
N,1091A07C21,3000.000
N,1091A07C21,3000.000
N,1091A07C21,3000.000
N,1091A07C21,3000.000
N,1091A07C21,3000.000
N,1091A07C21,3000.000
N,1091A07C21,3000.000
N,1091A07C21,3000.000
N,1091A07C21,3000.000
N,1091A07C21,3000.000
N,1091A07C21,3000.000
N,1091A07C21,3000.000
R,1091A08C41,1778.218
F,1091A08C41,52.864
DF,1091G08MA1,0.000
R,1091A08C41,2069.351
R,1091A08C41,885.328
N,1091A06T41,3000.000
N,1091A06T41,3000.000
N,1091A06T41,3000.000
N,1091A06T41,3000.000
N,1091A06T41,3000.000
N,1091A06T41,3000.000
N,1091A06T41,3000.000
N,1091A06T41,3000.000
N,1091A06T41,3000.000
N,1091A06T41,3000.000
N,1091A06T41,3000.000
N,1091A06T41,3000.000
N,1091A06T41,3000.000
N,1091A06T41,3000.000
N,1091A06T41,3000.000
N,1091A06T41,3000.000
N,1091A06T41,3000.000
N,1091A06T41,3000.000
N,1091A06T41,3000.000
N,1091A06T41,3000.000
N,1091A06T41,3000.000
N,1091A06T41,3000.000
N,1091A06T41,3000.000
N,1091A06T41,3000.000
N,1091A06T41,3000.000
N,1091A06T41,3000.000
N,1091A06T41,3000.000
N,1091A06T41,3000.000
N,1091A06T41,3000.000
N,1091A06T41,3000.000
N,1091A06T41,3000.000
N,1091A06T41,3000.000
N,1091A06T41,3000.000
N,1091A06T41,3000.000
N,1091A06T41,3000.000
N,1091A06T41,3000.000
N,1091A06T41,3000.000
N,1091A06T41,3000.000
N,1091A06T41,3000.000
N,1091A06T41,3000.000
DF,1091G08MA1,0.000
O,1091A07T41,2205.912
F,1091A06T41,32.574
F,1091A06T41,30.712
N,1091A07C41,3000.000
N,1091A07C41,3000.000
F,1091A06T41,9.851
F,1091A08C21,69.845
N,1091A06T41,3000.000
N,1091A06T41,3000.000
N,1091A06T41,3000.000
N,1091A06T41,3000.000
N,1091A06T41,3000.000
N,1091A06T41,3000.000
N,1091A06T41,3000.000
N,1091A06T41,3000.000
N,1091A06T41,3000.000
N,1091A06T41,3000.000
N,1091A06T41,3000.000
N,1091A06T41,3000.000
N,1091A09C21,3000.000
N,1091A09C21,3000.000
N,1091A08C41,3000.000
N,1091A08C41,3000.000
N,1091A08C41,3000.000
N,1091A08C41,3000.000
R,1091A06T41,83.613
F,1091A08C21,80.454
F,1091A06T41,35.773
R,1091A06T41,0.000
R,1091A06T41,1500.337
R,1091A06T41,0.000
R,1091A06T41,2592.509
R,1091A06T41,2196.760
R,1091A06T41,0.000
R,1091A06T41,2589.290
R,1091A06T41,1679.759
R,1091A06T41,1595.395
R,1091A06T41,2197.456
R,1091A06T41,2881.953
R,1091A06T41,2078.863
R,1091A06T41,2589.520
A,1091A06T21,1668.474
A,1091A06T21,2909.661
R,1091A06T41,2310.348
R,1091A06T41,2998.047
N,1091A06C21,3000.000
N,1091A06C21,3000.000
N,1091A06C21,3000.000
N,1091A06C21,3000.000
N,1091A06C21,3000.000
N,1091A06C21,3000.000
N,1091A06C21,3000.000
N,1091A06C21,3000.000
N,1091A06C21,3000.000
N,1091A06C21,3000.000
N,1091A06C21,3000.000
N,1091A06C21,3000.000
O,1091A06C21,958.092
R,1091A06T41,2014.826
R,1091A06T41,1942.037
A,1091A07T21,228.020
N,1091A06C41,3000.000
N,1091A06C41,3000.000
N,1091A06C41,3000.000
N,1091A06C41,3000.000
N,1091A06C41,3000.000
N,1091C07NP3,1000.000
N,1091C07NP3,1000.000
N,1091C07NP3,1000.000
N,1091C07NP3,1000.000
N,1091C07NP3,1000.000
N,1091C07NP3,1000.000
N,1091G08PA4,1000.000
O,1091G08PA4,1000.000
R,1091A06T41,1989.790
R,1091A06T41,392.181
R,1091A06T41,1416.938
R,1091A06T41,1889.786
R,1091A06T41,1759.015
R,1091A06T41,1921.465
R,1091A06T41,1541.433
R,1091A06T41,2589.521
R,1091A06T41,2583.833
R,1091A06T41,777.347
R,1091A06T41,2159.663
R,1091A06T41,2594.767
R,1091A06T41,1770.530
R,1091A06T41,1782.139
R,1091A06T41,15.868
R,1091A06T41,2591.279
R,1091A06T41,2962.078
R,1091A06T41,1954.499
R,1091A06T41,1975.437
R,1091A06T41,1743.551
R,1091A06T41,2584.337
R,1091A06T41,2258.114
R,1091A09C21,1368.456
R,1091A06T41,2187.830
R,1091A06T41,1313.833
R,1091A06T41,2320.492
R,1091A06T41,100.931
R,1091A06T41,904.490
R,1091A06T41,1004.600
R,1091A06T41,682.712
R,1091A06T41,1776.808
R,1091A06T41,1804.089
R,1091A06T41,894.521
A,1091A07T21,0.000
N,1091A06C21,3000.000
N,1091A06C21,3000.000
N,1091A06C21,3000.000
N,1091A06C21,3000.000
N,1091A06C21,3000.000
N,1091A06C21,3000.000
N,1091A06C21,3000.000
N,1091A06C21,3000.000
N,1091A06C21,3000.000
N,1091A06C21,3000.000
N,1091A06C21,3000.000
N,1091A06C21,3000.000
N,1091A06C21,3000.000
N,1091A06C21,3000.000
N,1091A06C21,3000.000
N,1091A06C21,3000.000
N,1091A08T21,3000.000
N,1091A10C41,2000.000
N,1091A10C41,2000.000
N,1091A10C41,2000.000
N,1091A10C41,2000.000
N,1091A10C41,2000.000
N,1091A10C41,2000.000
N,1091A12C41,1000.000
N,1091A12C41,1000.000
N,1091A12C41,1000.000
N,1091G08PA4,1000.000
N,1091G08PA4,1000.000
N,1091G08PA4,1000.000
N,1091G08PA4,1000.000
N,1091G08PA4,1000.000
N,1091G08PA4,1000.000
N,1091G08PA4,1000.000
N,1091G08PA4,1000.000
N,1091G08PA4,1000.000
N,1091G08PA4,1000.000
F,1091A08C21,61.120
F,1091A08C41,57.606
R,1091A08C41,1125.900
R,1091A06T41,2187.364
N,1091A08T41,3000.000
N,1091A08T41,3000.000
N,1091A08T41,3000.000
N,1091A08T41,3000.000
R,1091A08C41,1691.838
R,1091A08C41,328.847
N,1091A06T21,3000.000
N,1091A06T21,3000.000
N,1091A06T21,3000.000
N,1091A06T21,3000.000
N,1091A06T21,3000.000
N,1091A06T21,3000.000
N,1091A06T21,3000.000
N,1091A06T21,3000.000
F,1091A08T41,0.000
N,1091A06C21,3000.000
N,1091A06C21,3000.000
N,1091A06C21,3000.000
N,1091A06C21,3000.000
N,1091A06C21,3000.000
N,1091A06C21,3000.000
N,1091A06C21,3000.000
N,1091A06C21,3000.000
N,1091A06C21,3000.000
N,1091A06C21,3000.000
N,1091A06C21,3000.000
N,1091A06C21,3000.000
N,1091A08T21,3000.000
N,1091A08T21,3000.000
N,1091A08T21,3000.000
N,1091A08T21,3000.000
N,1091A08T21,3000.000
N,1091A08T21,3000.000
N,1091A08T21,3000.000
N,1091A08T21,3000.000
N,1091A08T21,3000.000
N,1091A08T21,3000.000
N,1091A08T21,3000.000
N,1091A08T21,3000.000
N,1091A08T41,3000.000
N,1091A08T41,3000.000
N,1091A08T41,3000.000
N,1091A08T41,3000.000
N,1091A08T41,3000.000
N,1091A08T41,3000.000
N,1091A08T41,3000.000
N,1091A08T41,3000.000
N,1091A08T41,3000.000
N,1091A08T41,3000.000
N,1091A08T41,3000.000
N,1091A08T41,3000.000
N,1091A08T41,3000.000
N,1091A08T41,3000.000
N,1091A08T41,3000.000
N,1091A08T41,3000.000
N,1091A08T41,3000.000
N,1091A08T41,3000.000
N,1091A08T41,3000.000
N,1091A08T41,3000.000
N,1091A08T41,3000.000
N,1091A08T41,3000.000
N,1091A08T41,3000.000
N,1091A08T41,3000.000
A,1091A06C41,0.000
F,1091A09C41,12.974
F,1091A08T41,29.551
A,1091A07C41,0.000
F,1091A12C41,0.000
A,1091A07T41,0.000
F,1091A08C41,2.857
A,1091A07C21,0.000
A,1091A06T21,0.000
O,1091A08T41,1825.803
R,1091A06T41,1034.393
A,1091A07T21,0.000
F,1091A06T41,38.855
N,1091A08C41,3000.000
N,1091A08C41,3000.000
N,1091A08C41,3000.000
N,1091A08C41,3000.000
N,1091A08C41,3000.000
N,1091A08C41,3000.000
N,1091A08C41,3000.000
N,1091A08C41,3000.000
N,1091A08C41,3000.000
N,1091A08C41,3000.000
N,1091A08C41,3000.000
N,1091A08C41,3000.000
R,1091A12C41,602.752
A,1091A06C41,0.000
F,1091A06T41,37.787
A,1091A07C41,0.000
R,1091A06T41,784.007
F,1091A06T41,57.993
A,1091A08T41,0.000
A,1091A07C21,0.000
A,1091A07T21,0.000
F,1091A06C21,150.772
O,1091A08T41,3000.000
A,1091A07C21,0.000
R,1091A06T41,792.921
A,1091A07C41,0.000
DN,1091C07NP3,1000.000
DN,1091C07NP3,1000.000
DN,1091C07NP3,1000.000
DN,1091C07NP3,1000.000
DN,1091C07NP3,1000.000
DN,1091C07NP3,1000.000
A,1091A06C41,0.000
A,1091A07C21,0.000
A,1091A07C21,0.000
A,1091A07C21,0.000
A,1091A07C41,0.000
A,1091A08T41,0.000
A,1091A08T41,0.000
A,1091A07C41,0.000
N,1091A10C41,2000.000
N,1091A06T21,3000.000
N,1091A06T21,3000.000
N,1091A06T21,3000.000
N,1091A06T21,3000.000
N,1091A06T21,3000.000
N,1091A06T21,3000.000
N,1091A06T21,3000.000
N,1091A06T21,3000.000
N,1091A06T21,3000.000
N,1091A06T21,3000.000
N,1091A06T21,3000.000
N,1091A06T21,3000.000
N,1091A07T21,3000.000
N,1091A07T21,3000.000
N,1091A07T21,3000.000
N,1091A07T21,3000.000
N,1091A07T21,3000.000
N,1091A07T21,3000.000
N,1091A07T21,3000.000
N,1091A07T21,3000.000
N,1091A07T21,3000.000
N,1091A07T21,3000.000
N,1091A07T21,3000.000
N,1091A07T21,3000.000
N,1091A07T21,3000.000
N,1091A07T21,3000.000
N,1091A07T21,3000.000
N,1091A07T21,3000.000
N,1091G08PA1,1000.000
N,1091G08PA1,1000.000
N,1091G08PA1,1000.000
N,1091G08PA1,1000.000
N,1091G08PA1,1000.000
N,1091G08PA1,1000.000
N,1091G08PA1,1000.000
N,1091G08PA1,1000.000
N,1091G08PA1,1000.000
N,1091G08PA1,1000.000
N,1091G08PA1,1000.000
N,1091G08PA1,1000.000
N,1091G08PA1,1000.000
N,1091G08PA1,1000.000
N,1091G08PA1,1000.000
N,1091G08PA1,1000.000
N,1091G08PA1,1000.000
N,1091G08PA1,1000.000
N,1091G08PA1,1000.000
N,1091G08PA1,1000.000
N,1091G08PA1,1000.000
N,1091G08PA1,1000.000
N,1091G08PA1,1000.000
N,1091G08PA1,1000.000
N,1091G08PA1,1000.000
N,1091G08PA1,1000.000
N,1091G08PA1,1000.000
N,1091G08PA1,1000.000
N,1091G08PA1,1000.000
N,1091G08PA1,1000.000
A,1091A07C41,0.000
A,1091A07C41,0.000
A,1091A07C41,0.000
A,1091A07C41,0.000
A,1091A07C21,0.000
A,1091A07C41,0.000
A,1091A07C21,0.000
A,1091A07C41,0.000
A,1091A06T21,1470.887
A,1091A06T21,0.000
F,1091A09C21,42.877
A,1091A07T41,0.000
A,1091A06T21,0.000
A,1091A07C21,0.000
F,1091A09C41,6.880
A,1091A07C21,0.000
A,1091A07C21,0.000
A,1091A07C21,0.000
R,1091A08C41,2054.199
R,1091A08C41,2087.231
R,1091A08C41,2118.788
N,1091A07T21,3000.000
N,1091A07T21,3000.000
N,1091A07T21,3000.000
N,1091A07T21,3000.000
N,1091A07T21,3000.000
N,1091A07T21,3000.000
N,1091A07T21,3000.000
N,1091A07T21,3000.000
N,1091A07T21,3000.000
N,1091A07T21,3000.000
N,1091A07T21,3000.000
N,1091A07T21,3000.000
N,1091A06T21,3000.000
N,1091A06T21,3000.000
N,1091A06T21,3000.000
N,1091A06T21,3000.000
N,1091A06T21,3000.000
N,1091A06T21,3000.000
N,1091A06T21,3000.000
N,1091A06T21,3000.000
N,1091A06T21,3000.000
N,1091A06T21,3000.000
A,1091A06C41,0.000
A,1091A07C41,0.000
A,1091A06T21,85.301
R,1091A08C41,762.519
A,1091A07C41,0.000
R,1091A08C41,1174.542
R,1091A08C41,1645.182
A,1091A07C41,0.000
A,1091A07T21,0.000
R,1091A08C41,2205.266
R,1091A08C41,2090.786
R,1091A08C41,2091.578
A,1091A07C41,0.000
F,1091A09C41,0.517
A,1091A07C41,0.000
A,1091A06C41,0.292
R,1091A08C21,1139.227
N,1091A10C41,2000.000
N,1091A10C41,2000.000
N,1091A10C41,2000.000
N,1091A10C41,2000.000
N,1091A10C41,2000.000
N,1091A10C41,2000.000
N,1091A10C41,2000.000
N,1091A10C41,2000.000
N,1091A10C41,2000.000
N,1091A10C41,2000.000
N,1091A08C21,3000.000
N,1091A08C21,3000.000
N,1091A06T21,3000.000
N,1091A06T21,3000.000
N,1091A06T21,3000.000
N,1091A06T21,3000.000
N,1091A06T21,3000.000
N,1091A06T21,3000.000
N,1091A06C41,3000.000
N,1091A06C41,3000.000
N,1091A06C41,3000.000
N,1091A06C41,3000.000
N,1091A06C41,3000.000
N,1091A06C41,3000.000
N,1091A06C41,3000.000
N,1091A06C41,3000.000
N,1091A06C41,3000.000
N,1091A06C41,3000.000
N,1091A06C41,3000.000
N,1091A06C41,3000.000
N,1091A06T21,3000.000
N,1091A06T21,3000.000
N,1091A07T21,3000.000
N,1091A07T21,3000.000
N,1091A07T21,3000.000
N,1091A07T21,3000.000
N,1091A07T21,3000.000
N,1091A07T21,3000.000
N,1091A07T21,3000.000
N,1091A07T21,3000.000
N,1091A07T21,3000.000
N,1091A07T21,3000.000
N,1091A07T21,3000.000
N,1091A07T21,3000.000
N,1091A07T41,3000.000
N,1091A07T41,3000.000
N,1091A07T41,3000.000
N,1091A07T41,3000.000
N,1091A07T41,3000.000
N,1091A07T41,3000.000
N,1091A07T41,3000.000
N,1091A07T41,3000.000
N,1091A07T41,3000.000
N,1091A07T41,3000.000
N,1091A07T41,3000.000
N,1091A07T41,3000.000
N,1091P10TP1,1000.000
N,1091P10TP1,1000.000
N,1091P10TP1,1000.000
N,1091P10TP1,1000.000
N,1091P10TP1,1000.000
N,1091P10TP1,1000.000
N,1091P10TP1,1000.000
N,1091P10TP1,1000.000
N,1091P10TP1,1000.000
N,1091P10TP1,1000.000
F,1091A08C21,41.163
O,1091A08T41,1591.441
O,1091G08PA4,981.731
F,1091A09C41,10.216
R,1091A08C21,182.256
A,1091A06T41,0.000
A,1091A06T21,2212.056
A,1091A06T41,0.000
R,1091A08C21,344.065
A,1091A06T41,0.000
R,1091A08C41,1750.468
R,1091A08C41,1322.229
F,1091A08T41,0.000
F,1091A06C21,82.286
F,1091A09C41,12.966
N,1091A06T21,3000.000
N,1091A06T21,3000.000
N,1091A06T21,3000.000
N,1091A06T21,3000.000
N,1091A06T21,3000.000
N,1091A06T21,3000.000
N,1091A06T21,3000.000
N,1091A06T21,3000.000
N,1091A06T21,3000.000
N,1091A06T21,3000.000
N,1091A06T21,3000.000
N,1091A06T21,3000.000
N,1091A07C41,3000.000
N,1091A07C41,3000.000
N,1091A07C41,3000.000
N,1091A07C41,3000.000
N,1091A07C41,3000.000
N,1091A07C41,3000.000
N,1091A07C41,3000.000
N,1091A07C41,3000.000
N,1091A07C41,3000.000
N,1091A06T21,3000.000
N,1091A06T21,3000.000
N,1091A06T21,3000.000
N,1091A06T21,3000.000
N,1091A06T21,3000.000
N,1091A06T21,3000.000
N,1091A06T21,3000.000
N,1091A06T21,3000.000
N,1091A06T21,3000.000
N,1091A06T21,3000.000
N,1091A06T21,3000.000
N,1091A06T21,3000.000
N,1091A06T21,3000.000
N,1091A06T21,3000.000
N,1091A06T21,3000.000
N,1091A06T21,3000.000
N,1091A06T21,3000.000
N,1091A06T21,3000.000
N,1091A06T21,3000.000
N,1091A06T21,3000.000
N,1091A06T21,3000.000
N,1091A06T21,3000.000
N,1091A06T21,3000.000
N,1091A06T21,3000.000
N,1091A07T21,3000.000
N,1091A07T21,3000.000
N,1091A07T21,3000.000
N,1091A07T21,3000.000
N,1091A07T21,3000.000
N,1091A07T21,3000.000
N,1091A07T21,3000.000
N,1091A07T21,3000.000
N,1091A07T21,3000.000
N,1091A07T21,3000.000
N,1091A07T21,3000.000
N,1091A07T21,3000.000
N,1091A07T41,3000.000
N,1091A07T41,3000.000
N,1091A07T41,3000.000
N,1091A07T41,3000.000
N,1091A07T41,3000.000
N,1091A07T41,3000.000
N,1091A07T41,3000.000
N,1091A07T41,3000.000
N,1091A07T41,3000.000
N,1091A07T41,3000.000
N,1091A07T41,3000.000
N,1091A07T41,3000.000
F,1091A09C41,1.586
A,1091A08T41,0.000
A,1091A06T41,0.000
A,1091A08T41,0.000
A,1091A06T41,0.000
R,1091A07T41,2680.905
A,1091A07T41,0.000
R,1091A07T41,2949.807
A,1091A08T41,0.000
R,1091A10C41,1260.833
F,1091A10C41,25.613
F,1091A06C21,585.333
O,1091A06C21,2184.272
R,1091A10C41,252.874
R,1091A10C41,1902.135
R,1091A07T41,2731.290
R,1091A10C41,1704.576
R,1091A10C41,55.533
R,1091A06T21,2177.503
R,1091A10C41,513.019
F,1091A06T41,26.657
R,1091A08T21,172.364
R,1091A07T41,2683.495
A,1091A07C41,0.000
R,1091A07T41,2635.187
R,1091A06T21,2276.876
N,1091A06T41,3000.000
N,1091A06T41,3000.000
N,1091A06T41,3000.000
N,1091A06T41,3000.000
N,1091A06T41,3000.000
N,1091A06T41,3000.000
N,1091A06T41,3000.000
N,1091A06T41,3000.000
N,1091A06T41,3000.000
N,1091A06T41,3000.000
N,1091A06T41,3000.000
N,1091A06T41,3000.000
N,1091A06T41,3000.000
N,1091A06T41,3000.000
N,1091A06T41,3000.000
N,1091A06T41,3000.000
N,1091A06T41,3000.000
N,1091A06T41,3000.000
N,1091A06T41,3000.000
N,1091A06T41,3000.000
N,1091A06T41,3000.000
N,1091A06T41,3000.000
N,1091A06T41,3000.000
N,1091A06T41,3000.000
N,1091A06T41,3000.000
N,1091A06T41,3000.000
N,1091A06T41,3000.000
A,1091A07C41,0.000
N,1091G07PA4,1000.000
N,1091G07PA4,1000.000
N,1091G07PA4,1000.000
N,1091G07PA4,1000.000
N,1091G07PA4,1000.000
N,1091G07PA4,1000.000
N,1091G07PA4,1000.000
N,1091G07PA4,1000.000
N,1091G07PA4,1000.000
N,1091G07PA4,1000.000
N,1091G07PA4,1000.000
N,1091G08PA1,1000.000
N,1091G08PA1,1000.000
O,1091G07PA4,944.659
N,1091A06T21,3000.000
N,1091A06T21,3000.000
N,1091A06T21,3000.000
N,1091A06T21,3000.000
N,1091A06T21,3000.000
N,1091A06T21,3000.000
N,1091A06T21,3000.000
N,1091A06T21,3000.000
N,1091A06T21,3000.000
N,1091A06T21,3000.000
N,1091A06T21,3000.000
N,1091A06T21,3000.000
N,1091A07C41,3000.000
N,1091A07C41,3000.000
N,1091A07C41,3000.000
N,1091A07C41,3000.000
N,1091A07C41,3000.000
N,1091A07C41,3000.000
N,1091A07C41,3000.000
N,1091A07C41,3000.000
N,1091A07C41,3000.000
N,1091A07C41,3000.000
N,1091A07C41,3000.000
N,1091A07C41,3000.000
N,1091A07T21,3000.000
N,1091A07T21,3000.000
N,1091A07T21,3000.000
N,1091A07T21,3000.000
N,1091A07T21,3000.000
N,1091A07T21,3000.000
N,1091A07T21,3000.000
N,1091A07T21,3000.000
N,1091A07T21,3000.000
N,1091A07T21,3000.000
N,1091A07T21,3000.000
N,1091A08T41,3000.000
N,1091A08T41,3000.000
N,1091A08T41,3000.000
N,1091A08T41,3000.000
N,1091A08T41,3000.000
N,1091A08T41,3000.000
O,1091A06C21,1774.023
O,1091G08PA1,1000.000
R,1091A06T21,2793.893
R,1091A06T21,2117.875
A,1091A08T41,0.000
R,1091A06T21,2272.153
R,1091A06T21,2695.192
R,1091A10C41,1194.226
R,1091A10C41,91.595
F,1091A06T41,42.113
F,1091A06T41,29.488
A,1091A06T41,0.000
O,1091A06C21,1216.370
F,1091A08T41,197.027
R,1091A08T21,183.775
F,1091A08T41,0.000
F,1091A07C21,50.600
O,1091A06C21,1570.919
R,1091A06T21,1963.981
O,1091A08T41,1013.179
F,1091A07C21,40.076
A,1091A07C41,0.000
N,1091A07C41,3000.000
N,1091A07C41,3000.000
N,1091A07C41,3000.000
N,1091A07C41,3000.000
N,1091A07C41,3000.000
N,1091A07C41,3000.000
N,1091A07C41,3000.000
N,1091A07C41,3000.000
N,1091A07C41,3000.000
N,1091A07C41,3000.000
N,1091A07C41,3000.000
N,1091A07C41,3000.000
N,1091A06T41,3000.000
N,1091A06T41,3000.000
N,1091A06T41,3000.000
N,1091A06T41,3000.000
N,1091A06T41,3000.000
N,1091A06T41,3000.000
N,1091A06T41,3000.000
N,1091A06T41,3000.000
N,1091A06T41,3000.000
N,1091A06T41,3000.000
N,1091A06T41,3000.000
N,1091A06T41,3000.000
R,1091A06T41,1749.034
N,1091G07PA4,1000.000
N,1091G07PA4,1000.000
N,1091G07PA4,1000.000
N,1091G07PA4,1000.000
N,1091G07PA4,1000.000
N,1091G07PA4,1000.000
N,1091G07PA4,1000.000
N,1091G07PA4,1000.000
N,1091G07PA4,1000.000
N,1091G07PA4,1000.000
R,1091A06T41,2744.167
R,1091A06T41,2611.088
R,1091A06T41,2608.821
A,1091A07T21,0.000
R,1091A06T41,1732.787
R,1091A06T41,1614.740
F,1091A06C21,61.998
R,1091A06T41,583.571
R,1091A06T41,1314.053
R,1091A06T41,34.980
F,1091A07C21,3.521
A,1091A07C21,0.000
R,1091A07C21,1050.124
R,1091A06T41,1896.685
R,1091A06T41,437.043
R,1091A06T41,1576.095
R,1091A06T41,787.952
A,1091A06C41,0.000
R,1091A06T41,1419.374
R,1091A07T41,2042.230
O,1091A06T41,2741.362
R,1091A06T41,264.065
R,1091A06T41,2760.540
R,1091A06T41,1169.262
R,1091A06T41,981.297
R,1091A06T41,1334.903
R,1091A06T41,2604.223
R,1091A06T41,1917.708
R,1091A06T41,0.000
A,1091A06T41,0.000
F,1091A08T41,112.246
F,1091A06T41,0.000
R,1091A06T41,2603.395
A,1091A07C41,0.000
R,1091A06T41,1773.071
R,1091A06T41,1052.743
R,1091A06T41,1778.010
R,1091A06T41,2618.119
R,1091A06T41,1417.929
R,1091A06T41,788.746
R,1091A06T41,2592.665
R,1091A06T41,2214.788
R,1091A06T41,2605.206
R,1091A06T41,2218.311
R,1091A06T41,2371.985
R,1091A06T41,1801.538
R,1091A06T41,2202.345
F,1091A07T41,0.000
R,1091A06T41,2617.127
O,1091A06C21,2383.107
A,1091A06C21,0.000
O,1091A06C21,2247.611
A,1091A07T41,0.000
O,1091A07T41,2995.044
N,1091A07C41,3000.000
N,1091A07C41,3000.000
N,1091A07C41,3000.000
N,1091A07C41,3000.000
N,1091A07C41,3000.000
N,1091A07C41,3000.000
N,1091A07C41,3000.000
N,1091A07C41,3000.000
N,1091A07C41,3000.000
N,1091A07C41,3000.000
N,1091A07C41,3000.000
N,1091A07C41,3000.000
N,1091A07C41,3000.000
N,1091A07C41,3000.000
N,1091A07C41,3000.000
N,1091A07C41,3000.000
N,1091A07C41,3000.000
N,1091A07C41,3000.000
N,1091A07C41,3000.000
N,1091A07C41,3000.000
N,1091A07C41,3000.000
N,1091A07C41,3000.000
N,1091A07C41,3000.000
N,1091A07C41,3000.000
N,1091A07C41,3000.000
N,1091A07C41,3000.000
N,1091A07C41,3000.000
N,1091A07C41,3000.000
N,1091A07C41,3000.000
N,1091A07C41,3000.000
N,1091A07C41,3000.000
N,1091A07C41,3000.000
N,1091A07C41,3000.000
N,1091A07C41,3000.000
N,1091A07C41,3000.000
N,1091A07C41,3000.000
N,1091A07C41,3000.000
N,1091A07C41,3000.000
N,1091A08T41,3000.000
N,1091A08T41,3000.000
N,1091A08T41,3000.000
N,1091A08T41,3000.000
N,1091A08T41,3000.000
N,1091A08T41,3000.000
N,1091A08T41,3000.000
N,1091A08T41,3000.000
N,1091A08T41,3000.000
N,1091A08T41,3000.000
N,1091A08T41,3000.000
N,1091A08T41,3000.000
F,1091A08C41,6.125
A,1091A08T41,0.000
O,1091A06T21,346.603
F,1091A08T41,0.000
F,1091G07PA4,0.000
R,1091A06T41,2692.320
O,1091G08PA4,1000.000
N,1091A08T41,3000.000
N,1091A08T41,3000.000
N,1091A08T41,3000.000
N,1091A08T41,3000.000
N,1091A08T41,3000.000
N,1091A08T41,3000.000
N,1091A08T41,3000.000
N,1091A08T41,3000.000
N,1091A08T41,3000.000
N,1091A08T41,3000.000
N,1091A08T41,3000.000
N,1091A08T41,3000.000
A,1091A08T41,0.000
R,1091A07C41,986.663
R,1091A06T41,1856.604
R,1091A06T41,2711.947
O,1091A06T21,546.716
O,1091A06T21,246.947
F,1091A09C41,0.406
O,1091A06T21,1270.828
O,1091A06T21,1955.062
O,1091A06T21,2162.808
R,1091A07C41,2356.595
O,1091A06T21,1465.317
R,1091A06T21,2004.573
O,1091A06T21,596.209
O,1091A07C41,1358.685
O,1091A06C21,645.044
R,1091A06T21,2207.463
R,1091A06T21,2026.430
O,1091A06T21,345.981
R,1091A07C41,2192.686
F,1091A06C41,0.000
R,1091A07C41,1693.095
R,1091A08T21,1234.076
R,1091A06T41,2635.452
R,1091A06T41,2216.856
R,1091A06T21,2205.757
F,1091A08T21,0.000
O,1091A06T21,1244.998
O,1091A06T21,519.906
R,1091A07C41,2741.211
O,1091A06T21,496.467
O,1091A06T21,1684.755
R,1091A07C21,2354.114
O,1091A06T21,500.133
R,1091A07C41,1747.385
O,1091C07NP3,1000.000
R,1091A06T21,1738.563
O,1091A06T21,2602.960
F,1091A06C21,44.746
O,1091A06T21,1805.708
R,1091A07C41,1903.794
R,1091A07C41,413.946
R,1091A07C41,2999.638
O,1091A08T41,2995.041
O,1091A06T21,1080.893
R,1091A07C41,3000.000
O,1091C07NP3,1000.000
O,1091A06T21,1652.894
O,1091A06T21,1708.176
O,1091A06T21,445.617
O,1091C07NP3,1000.000
O,1091A06T21,1624.057
R,1091A07C41,2157.503
O,1091A06T21,408.938
R,1091A06T21,1749.028
A,1091A07C41,432.073
O,1091A06T21,333.473
O,1091A06T21,1257.892
R,1091A07C41,1941.534
F,1091A07T21,0.000
O,1091A06T21,546.340
F,1091G07PA4,0.000
O,1091A06T21,798.963
O,1091A06T21,845.410
R,1091A08C41,1625.637
F,1091A07T41,41.210
O,1091A06T21,1675.886
R,1091A06T41,2607.318
R,1091A06T41,2605.652
R,1091A06T41,2668.791
R,1091A06T41,2606.941
R,1091A06T41,2219.513
R,1091A06T41,2607.966
R,1091A06T41,2274.224
R,1091A06T41,2305.895
R,1091A06T41,2614.977
F,1091A08T21,0.000
O,1091A06T21,1610.988
O,1091A06C21,1142.665
R,1091A07C41,2095.007
O,1091A06T21,1628.284
R,1091A07C41,1846.083
O,1091A06T21,1808.721
F,1091A08T21,0.000
R,1091A07C41,2637.938
R,1091A07C41,2547.953
O,1091A06T21,2340.069
O,1091A06T21,1019.198
O,1091A06T21,1217.987
R,1091A07C41,1679.339
O,1091A06T21,2182.599
R,1091A07C41,1243.157
O,1091A06T21,187.930
O,1091A06T21,196.352
O,1091A06T21,1494.135
F,1091A07C41,456.517
O,1091A06T21,367.422
O,1091A09C41,2180.538
O,1091A06T21,1442.371
O,1091A06T21,962.566
O,1091A06T21,382.121
O,1091A06T21,1608.007
F,1091A06T41,0.000
O,1091A06T21,1362.879
O,1091A06T21,96.411
R,1091A06T41,140.003
O,1091A06T21,1761.570
F,1091A07T41,44.245
O,1091A06T21,1369.370
F,1091A06C41,0.000
O,1091A07T21,2773.801
O,1091A06T21,2495.535
O,1091A06T21,1379.467
A,1091A07C41,0.000
O,1091A07T41,2729.797
N,1091C07NP3,1000.000
N,1091C07NP3,1000.000
N,1091C07NP3,1000.000
N,1091C07NP3,1000.000
N,1091C07NP3,1000.000
N,1091C07NP3,1000.000
N,1091C07NP3,1000.000
N,1091C07NP3,1000.000
N,1091C07NP3,1000.000
N,1091C07NP3,1000.000
N,1091C07NP3,1000.000
N,1091C07NP3,1000.000
N,1091C07NP3,1000.000
N,1091C07NP3,1000.000
N,1091C07NP3,1000.000
N,1091C07NP3,1000.000
N,1091C07NP3,1000.000
N,1091C07NP3,1000.000
N,1091C07NP3,1000.000
N,1091C07NP3,1000.000
N,1091C07NP3,1000.000
N,1091C07NP3,1000.000
N,1091C07NP3,1000.000
N,1091C07NP3,1000.000
O,1091A06T21,2015.240
F,1091A07T41,40.025
F,1091A07C41,36.873
N,1091A06C41,3000.000
N,1091A06C41,3000.000
N,1091A06C41,3000.000
N,1091A06C41,3000.000
N,1091A06C41,3000.000
N,1091A06C41,3000.000
N,1091A06C41,3000.000
N,1091A06C41,3000.000
N,1091A06C41,3000.000
N,1091A06C41,3000.000
N,1091A06C41,3000.000
N,1091A06C41,3000.000
N,1091A06C41,3000.000
N,1091A06C41,3000.000
N,1091A06C41,3000.000
N,1091A06C41,3000.000
N,1091A06C41,3000.000
N,1091A06C41,3000.000
N,1091A06C41,3000.000
N,1091A06C41,3000.000
N,1091A06C41,3000.000
N,1091A06C41,3000.000
N,1091A06C41,3000.000
N,1091A06C41,3000.000
N,1091A07T21,3000.000
N,1091A07T21,3000.000
N,1091A07T21,3000.000
N,1091A07T21,3000.000
N,1091A07T21,3000.000
N,1091A07T21,3000.000
N,1091A07T21,3000.000
N,1091A07T21,3000.000
N,1091A07T21,3000.000
N,1091A07T21,3000.000
N,1091A07T21,3000.000
N,1091A07T21,3000.000
N,1091A07T21,3000.000
N,1091A07T21,3000.000
N,1091A07T21,3000.000
N,1091A07T21,3000.000
N,1091A07T21,3000.000
N,1091A07T21,3000.000
N,1091A07T21,3000.000
N,1091A07T21,3000.000
N,1091A07T21,3000.000
N,1091A07T21,3000.000
N,1091A07T21,3000.000
N,1091A07T21,3000.000
N,1091A07T21,3000.000
N,1091A07T21,3000.000
N,1091A07T21,3000.000
N,1091A07T21,3000.000
N,1091A07T21,3000.000
N,1091A07T21,3000.000
N,1091A07T21,3000.000
N,1091A07T21,3000.000
N,1091A07T21,3000.000
N,1091A07T21,3000.000
N,1091A07T21,3000.000
N,1091A07T21,3000.000
O,1091A06T21,282.969
N,1091A08T41,3000.000
N,1091A08T41,3000.000
N,1091A08T41,3000.000
N,1091A08T41,3000.000
N,1091A08T41,3000.000
N,1091A08T41,3000.000
N,1091A08T41,3000.000
N,1091A08T41,3000.000
N,1091A08T41,3000.000
N,1091A08T41,3000.000
N,1091A08T41,3000.000
N,1091A08T41,3000.000
N,1091A08T41,3000.000
N,1091A08T41,3000.000
N,1091A08T41,3000.000
N,1091A08T41,3000.000
N,1091A08T41,3000.000
N,1091A08T41,3000.000
N,1091A08T41,3000.000
N,1091A08T41,3000.000
N,1091A08T41,3000.000
N,1091A08T41,3000.000
N,1091A08T41,3000.000
N,1091A08T41,3000.000
N,1091A08T41,3000.000
N,1091A08T41,3000.000
N,1091A08T41,3000.000
N,1091A08T41,3000.000
O,1091A06T21,436.224
F,1091A07C41,8.154
R,1091A07C41,0.000
R,1091A07C41,2776.295
O,1091A06T21,1734.216
R,1091A07C41,2477.349
O,1091A06C21,1614.779
O,1091A06T21,2027.026
O,1091A06T21,369.371
A,1091A06C41,0.000
O,1091A06T21,239.224
O,1091A06T21,882.090
O,1091A06T21,1548.531
R,1091A07C41,2639.819
O,1091A06T21,1320.052
A,1091C08TP2,417.695
O,1091A06T21,1506.956
O,1091A07T21,655.174
O,1091A06T21,837.647
O,1091A06T21,1326.902
O,1091A06T21,754.240
F,1091A07T21,0.000
F,1091A08T21,0.000
A,1091A06T21,0.227
O,1091A06T21,1558.077
O,1091A06T21,2243.284
R,1091A07C41,1332.008
O,1091A06T21,1365.781
O,1091A06T21,1874.057
A,1091A06T41,0.000
O,1091A06T41,2080.916
O,1091A06T41,609.021
F,1091A07T21,0.000
O,1091A06T21,2999.981
O,1091A07T41,1410.118
O,1091A07T21,859.988
O,1091A06T21,1213.854
O,1091A06T21,1711.166
O,1091A06T21,2543.492
F,1091A07T21,0.000
O,1091A06T41,737.313
A,1091A08T41,2847.050
O,1091A08T41,3000.000
O,1091A06C21,363.593
R,1091A08T41,1377.541
R,1091A08T41,2018.503
F,1091A07C41,0.000
O,1091A07T21,422.680
A,1091A07C21,0.000
O,1091A06C21,1668.509
R,1091A07T21,3000.000
A,1091A08T21,2304.613
O,1091A06T21,1759.659
R,1091A07T21,1591.902
A,1091A06T21,811.402
O,1091A06C21,2487.871
R,1091A07C41,2358.077
F,1091A09C21,49.632
R,1091A07T21,1458.088
R,1091A08T21,466.010
R,1091A07T21,1252.853
O,1091G08PA4,1000.000
O,1091A06C21,2445.473
O,1091A08C21,507.583
R,1091A08T21,418.171
R,1091A07T21,2937.945
F,1091A06T21,0.000
F,1091A06C41,57.344
F,1091G07PA4,0.000
O,1091A06C21,1016.819
F,1091G08PA1,0.000
R,1091C08TP2,441.069
R,1091A07C41,1852.743
F,1091A06T21,39.166
R,1091A07T21,1461.510
F,1091G07PA4,0.000
O,1091A08C21,2025.975
F,1091A07T21,0.000
O,1091A06C41,2478.158
F,1091A07C21,9.583
R,1091A07T21,1671.066
F,1091A06T21,1.429
F,1091A06T21,8.951
O,1091G08PA4,1000.000
R,1091A06T41,1820.882
R,1091A07C41,1552.902
O,1091G08PA4,1000.000
O,1091G08PA4,1000.000
F,1091A07C21,39.115
O,1091A07T21,1497.781
O,1091A06C21,383.576
O,1091A06C21,210.266
O,1091A06T21,1822.176
R,1091A07C41,2104.675
O,1091A07T41,2674.605
A,1091A07C41,0.000
O,1091A07T21,304.148
F,1091G07PA4,0.000
F,1091A09C41,8.805
O,1091A07C41,2719.833
F,1091A06T21,44.898
F,1091A07C41,12.792
O,1091A07T21,1402.419
F,1091G08PA1,0.000
O,1091A07T21,899.790
O,1091A06C41,1762.691
O,1091A06T21,1731.255
F,1091A06T21,27.915
O,1091G08PA4,1000.000
O,1091A06C21,1272.287
O,1091A06T21,1531.145
F,1091G07PA4,0.000
O,1091A06T21,1423.399
O,1091A06T21,1679.559
O,1091A07T41,1979.807
O,1091A06T21,1658.747
O,1091A06C41,2615.317
O,1091A06T21,960.168
O,1091A06T21,1780.855
O,1091A06T41,2194.330
O,1091A06T21,2137.924
O,1091A06T21,1014.264
O,1091A06T21,78.402
O,1091A06T21,1992.120
O,1091A06T21,935.327
O,1091A07T21,2653.975
O,1091A07T21,2034.520
O,1091A06T21,1425.714
F,1091A07T21,0.000
O,1091A06T21,434.719
O,1091A06C21,1666.690
O,1091A06T21,946.631
O,1091A07T21,1365.623
O,1091A06C41,3000.000
O,1091A07T41,1200.311
O,1091C07NP3,910.661
O,1091A07T21,1367.674
F,1091A06T21,32.278
F,1091G08PA1,0.000
O,1091A06T21,1325.814
O,1091A06T21,2461.701
O,1091A06T21,1557.840
O,1091A06T21,695.828
O,1091A06T21,801.171
O,1091A06C21,1052.802
O,1091A06T41,0.000
O,1091A06T21,1816.175
O,1091A08T41,2300.467
O,1091A07C41,1805.045
O,1091A06C21,1404.810
O,1091A06T21,873.016
O,1091A06T21,1005.452
O,1091A06T21,1666.519
F,1091A06T21,13.051
O,1091A06T21,1241.072
O,1091A06T21,2994.525
O,1091A07T41,2611.053
R,1091A06C41,1246.207
O,1091A06T21,1863.385
O,1091A06T21,844.775
F,1091A07C41,41.192
O,1091A06T21,2172.112
O,1091A06T21,2544.011
F,1091G08PA1,0.000
O,1091A06T21,645.383
O,1091A07T21,2486.938
F,1091A06T21,32.789
O,1091A06T21,1948.729
O,1091A06T21,2624.506
F,1091A06C41,0.000
O,1091A07T21,2661.879
O,1091A06T21,1082.091
R,1091A07T21,2235.152
R,1091A07T21,1523.644
O,1091A06T21,1759.782
R,1091A07T21,1613.836
O,1091A06T21,1899.432
R,1091A06C41,2374.521
O,1091A06T21,1735.394
F,1091A07T21,11.863
O,1091A06T21,2256.525
O,1091A07T41,1891.032
O,1091A06T21,2514.279
O,1091A07T21,404.944
O,1091A06T21,1747.630
O,1091A06T21,1859.049
O,1091A06T21,1676.351
O,1091A07T41,508.985
O,1091A08T41,462.473
O,1091A07T41,1107.543
O,1091A07C21,1691.415
N,1091A07T41,3000.000
N,1091A07T41,3000.000
N,1091A07T41,3000.000
N,1091A07T41,3000.000
N,1091A07T41,3000.000
N,1091A07T41,3000.000
N,1091A07T41,3000.000
N,1091A07T41,3000.000
N,1091A07T41,3000.000
N,1091A07T41,3000.000
N,1091A07T41,3000.000
F,1091G08PA1,0.000
O,1091A07C21,1566.558
N,1091A07T41,3000.000
N,1091A07T41,3000.000
N,1091A07T41,3000.000
N,1091A07T41,3000.000
N,1091A07T41,3000.000
N,1091A07T41,3000.000
N,1091A07T41,3000.000
N,1091A07T41,3000.000
N,1091A07T41,3000.000
N,1091A07T41,3000.000
N,1091A07T41,3000.000
N,1091A07T41,3000.000
N,1091A07T41,3000.000
N,1091A07T41,3000.000
N,1091A07T41,3000.000
N,1091A07T41,3000.000
N,1091A07T41,3000.000
N,1091A07T41,3000.000
N,1091A07T41,3000.000
N,1091A07T41,3000.000
N,1091A07T41,3000.000
N,1091A07T41,3000.000
N,1091A07T41,3000.000
N,1091A07T41,3000.000
N,1091A07T41,3000.000
N,1091A07T41,3000.000
N,1091A07T41,3000.000
N,1091A07T41,3000.000
N,1091A07T41,3000.000
N,1091A07T41,3000.000
N,1091A07T41,3000.000
N,1091A07T41,3000.000
N,1091A07T41,3000.000
N,1091A07T41,3000.000
N,1091A07T41,3000.000
N,1091A07T41,3000.000
N,1091A07T41,3000.000
N,1091A07T41,3000.000
N,1091A08T41,3000.000
N,1091A08T41,3000.000
N,1091A08T41,3000.000
N,1091A08T41,3000.000
N,1091A08T41,3000.000
N,1091A08T41,3000.000
N,1091A08T41,3000.000
N,1091A08T41,3000.000
N,1091A08T41,3000.000
N,1091A08T41,3000.000
N,1091A08T41,3000.000
N,1091A08T41,3000.000
O,1091A07T41,3000.000
N,1091A09T41,3000.000
N,1091A09T41,3000.000
N,1091A09T41,3000.000
N,1091A09T41,3000.000
N,1091A09T41,3000.000
N,1091A09T41,3000.000
N,1091A09T41,3000.000
N,1091A09T41,3000.000
N,1091A09T41,3000.000
N,1091A09T41,3000.000
N,1091A09T41,3000.000
O,1091A07T21,967.402
N,1091A06C41,3000.000
N,1091A06C41,3000.000
N,1091A06C41,3000.000
N,1091A06C41,3000.000
N,1091A06C41,3000.000
N,1091A06C41,3000.000
N,1091A06C41,3000.000
N,1091A06C41,3000.000
N,1091A06C41,3000.000
O,1091A07T41,2512.496
O,1091A06C41,2728.223
O,1091A06T21,2987.353
R,1091A06T21,1415.255
F,1091A07C41,3.865
F,1091A09C41,3.920
O,1091A08T41,2790.003
O,1091A07T21,553.090
O,1091A06T21,1252.287
O,1091A08T41,2955.118
O,1091A07T21,128.070
F,1091A07C21,46.325
O,1091A06C41,2383.258
O,1091G08PA4,1000.000
F,1091A07T21,33.123
O,1091A06C41,1010.908
O,1091A06T41,508.940
A,1091G07PA4,306.744
O,1091A06T21,309.779
O,1091A06T21,1481.377
O,1091A06T21,2464.831
O,1091A06T21,835.894
R,1091G08PA1,457.432
O,1091A06C41,2996.626
F,1091A07T21,54.265
O,1091A06T21,2254.575
O,1091A07T41,2128.329
O,1091A06C21,1982.476
O,1091A07T21,224.582
O,1091A07T21,1898.353
O,1091A06T21,708.955
O,1091A07T21,2452.047
O,1091C07NP3,938.290
N,1091A06C41,3000.000
N,1091A06C41,3000.000
N,1091A06C41,3000.000
N,1091A06C41,3000.000
N,1091A06C41,3000.000
N,1091A06C41,3000.000
N,1091A06C41,3000.000
N,1091A06C41,3000.000
N,1091A06C41,3000.000
O,1091A07T21,1108.060
N,1091A07T21,3000.000
N,1091A07T21,3000.000
N,1091A07T21,3000.000
N,1091A07T21,3000.000
N,1091A07T21,3000.000
N,1091A07T21,3000.000
N,1091A07T21,3000.000
N,1091A07T21,3000.000
N,1091A07T21,3000.000
N,1091A07T21,3000.000
N,1091A07T21,3000.000
N,1091A07T21,3000.000
O,1091A07T21,664.271
O,1091A06T21,1127.268
F,1091A07T41,0.000
N,1091G08PA1,1000.000
N,1091G08PA1,1000.000
N,1091G08PA1,1000.000
N,1091G08PA1,1000.000
N,1091G08PA1,1000.000
N,1091G08PA1,1000.000
N,1091G08PA1,1000.000
N,1091G08PA1,1000.000
N,1091G08PA1,1000.000
N,1091G08PA1,1000.000
O,1091A08T41,1953.092
F,1091A07C21,52.465
O,1091A06T21,1068.748
O,1091A07T21,2710.315
O,1091A06T21,1829.878
O,1091A07C41,1042.487
O,1091A06T21,1385.517
F,1091A08T41,43.593
A,1091A07T41,0.000
O,1091A06T41,1829.510
O,1091A07T41,1793.092
O,1091A07C21,1227.825
O,1091G08PA1,216.581
O,1091A06T21,1770.043
O,1091A07T21,1752.264
F,1091A07T21,32.716
O,1091A06T41,2010.269
F,1091A07T41,33.481
F,1091A09T41,60.231
F,1091A08T21,0.000
O,1091A07C41,1621.996
O,1091A06T41,2134.173
O,1091A06T21,672.560
O,1091A08T41,3000.000
F,1091A07T21,0.000
O,1091C07NP3,504.012
O,1091A06T41,1735.065
O,1091A06T21,1345.347
O,1091A06T21,345.912
A,1091A06C21,0.000
O,1091G08PA1,794.904
O,1091A06T21,1405.023
O,1091A06C21,1915.706
R,1091A08T41,1188.908
O,1091A07T41,2044.802
F,1091A07T21,27.200
O,1091A09T41,3000.000
O,1091A06C21,1516.026
O,1091A09T41,3000.000
O,1091A09T41,3000.000
O,1091A07T21,1341.442
O,1091A06T41,1421.535
F,1091G07PA4,7.041
O,1091A06T21,494.862
O,1091A07C21,3000.000
O,1091A07T21,1957.256
O,1091A07C21,3000.000
O,1091A06T21,959.641
O,1091A06T21,1447.540
O,1091A06T21,543.138
O,1091G07PA4,1000.000
F,1091A08T41,44.126
F,1091A08T41,44.015
O,1091A07T41,3000.000
O,1091A07T41,3000.000
O,1091A06C21,2182.251
O,1091A08T41,1289.803
O,1091A08T41,2153.202
F,1091A07T21,35.568
O,1091A06T21,1984.243
F,1091A06C21,73.760
O,1091A06T21,1815.713
R,1091G08PA1,952.977
O,1091A07T21,648.156
O,1091A07C41,852.284
O,1091A07C41,1246.609
O,1091A07T41,2423.470
O,1091A07T41,2469.908
O,1091A07T41,1087.018
O,1091A07T41,2286.652
O,1091A07T41,2388.820
O,1091A07T41,2083.448
O,1091A07T21,2267.648
F,1091A09C21,48.267
R,1091G08PA1,955.314
O,1091A07T21,2388.801
O,1091A06C41,2609.889
O,1091A08T41,2695.867
O,1091G08PA4,1000.000
R,1091G08PA1,666.294
O,1091G08PA4,1000.000
O,1091A07T21,1062.433
O,1091A06T21,692.215
O,1091A07T21,1199.090
O,1091A06C41,1162.702
O,1091C07NP3,714.939
F,1091A07C41,0.000
O,1091A06C41,176.589
F,1091A08T41,47.588
O,1091G08PA4,1000.000
O,1091A07T41,2469.348
F,1091A09T41,52.872
O,1091A06T21,2267.301
O,1091A07T21,581.993
O,1091A06T21,246.083
O,1091A06C41,1337.826
O,1091A06C41,2116.995
O,1091A07T21,1492.183
O,1091A06C41,2560.232
R,1091C07NP3,900.530
R,1091A08T21,549.409
R,1091A08T21,571.722
O,1091A09C41,3000.000
O,1091A07T21,2351.714
O,1091A08T41,303.137
O,1091A07T41,2200.752
R,1091A07C41,1973.963
F,1091G08PA1,0.000
O,1091A07T21,2848.682
O,1091A09C41,3000.000
O,1091A07T21,378.360
O,1091A07T21,676.437
O,1091A07T21,1487.768
O,1091A07T21,2130.796
O,1091A06T21,2146.867
F,1091A08T41,48.272
O,1091A06T21,166.169
F,1091G07PA4,0.000
O,1091C07NP3,308.332
O,1091G08PA1,791.015
O,1091A08T41,632.034
R,1091G08PA1,490.405
O,1091A06C41,1528.634
O,1091G08PA4,1000.000
O,1091G08PA4,1000.000
O,1091A07T41,2735.066
O,1091A08T41,159.177
O,1091A06T41,524.353
O,1091A06T21,1411.119
O,1091A06C41,2298.316
O,1091A06C41,2626.758
O,1091A06T21,632.909
O,1091G07PA4,309.837
O,1091A06T41,1622.534
O,1091A07T21,1647.193
O,1091A08T41,1710.083
O,1091A06C41,1707.071
O,1091A07T41,2016.228
O,1091A07T41,1982.921
O,1091A06T21,916.979
O,1091A06C41,2402.014
O,1091A06C41,761.702
O,1091A07T41,2471.753
F,1091A07T21,38.182
O,1091A09C41,590.727
R,1091A06C41,524.335
O,1091A07C41,2178.025
O,1091A06C41,1379.598
F,1091A06C41,64.294
O,1091A07T21,493.005
O,1091A06T21,2203.245
O,1091A06C41,16.361
R,1091A07T21,1783.359
O,1091A07T41,2649.366
O,1091A07C41,1565.980
O,1091A07C41,939.147
O,1091A06T21,1801.842
O,1091A06T21,380.350
O,1091A08T41,986.432
O,1091A06C41,923.866
R,1091A06C41,1641.420
R,1091A06C41,1473.069
O,1091A06C21,828.766
R,1091A06C41,2137.771
O,1091A08T41,928.094
O,1091G08PA4,1000.000
O,1091A06T21,2089.456
F,1091A06T21,43.332
O,1091A07T41,1961.516
O,1091A07T21,3000.000
O,1091A07C41,886.636
F,1091A08T21,0.000
O,1091G08PA1,859.175
O,1091A06T21,2600.179
F,1091A07T41,0.000
O,1091A07T41,2541.887
O,1091A06C41,757.768
O,1091A07T41,1447.634
O,1091A08T41,2591.710
O,1091G08PA4,683.995
R,1091A08T21,147.860
O,1091A06T21,1352.575
O,1091G08PA1,216.277
O,1091A08T41,2506.577
F,1091A07C21,43.442
O,1091A07T21,1666.627
O,1091A07T21,1331.806
O,1091A09C21,3000.000
O,1091A06C21,543.535
O,1091A07T21,412.601
O,1091A06T21,2244.156
O,1091A06T21,847.099
F,1091A07T21,0.000
O,1091A08T41,683.095
R,1091A08T21,157.373
F,1091G08PA1,0.000
O,1091A06T21,552.654
O,1091A07T21,2334.980
O,1091A08T41,913.734
O,1091A07T21,795.678
F,1091A08T41,45.875
O,1091A07T41,3000.000
O,1091A07T21,1655.729
O,1091A08T41,2567.834
O,1091A07T41,2728.921
O,1091A07T21,716.864
O,1091A08T41,2108.056
O,1091A08T41,2520.481
F,1091A07T21,31.192
O,1091A06C41,1796.377
F,1091A08T41,45.005
O,1091A07C41,1576.918
O,1091A07T21,2390.813
O,1091A07C41,1603.994
O,1091A07T21,1067.075
O,1091A08T41,2692.738
O,1091A06C41,2258.206
O,1091A07C21,1621.369
O,1091A07C21,1326.782
O,1091A06C21,2400.156
O,1091A06T41,1240.572
R,1091A06C41,960.413
O,1091A07T21,150.680
R,1091G08PA1,383.323
O,1091A07T21,1004.130
R,1091A06C41,2693.487
O,1091G08PA4,1000.000
O,1091A07T41,3000.000
O,1091A07T21,2738.341
O,1091A06T21,3000.000
O,1091A08T41,1939.726
O,1091A07T21,2236.925
R,1091A06C41,2402.721
O,1091A07T21,1591.452
O,1091A08T41,550.156
O,1091A07T21,1841.468
O,1091A06T21,759.934
O,1091A07T41,2470.693
O,1091A06C21,1823.897
O,1091A06T21,295.539
O,1091A08T41,3000.000
O,1091A07T41,2729.826
O,1091A07T41,1531.237
R,1091A06C41,782.858
O,1091A07T21,2324.301
O,1091A07T21,433.779
O,1091A07T21,2522.963
O,1091A07C21,839.424
O,1091A07T41,3000.000
O,1091A07T41,3000.000
O,1091A08T41,1920.563
F,1091A08T41,48.059
O,1091A09C21,3000.000
O,1091A06T21,1363.142
O,1091G08PA1,182.858
O,1091G07PA4,429.642
O,1091A09C21,1801.337
O,1091A06T21,1239.797
O,1091A07T21,2760.451
O,1091A08T41,214.045
O,1091A06T41,2257.650
O,1091A08T41,908.453
O,1091A07T21,886.738
O,1091C07NP3,763.172
O,1091A08T41,2441.002
O,1091A06T21,117.281
O,1091A08T41,836.602
O,1091A06T21,1001.120
O,1091A07T21,1595.069
O,1091A07T21,110.415
O,1091A07T21,2866.360
O,1091A06T21,1183.675
O,1091A07T21,2107.729
F,1091A08T41,46.395
O,1091A07T21,367.775
O,1091A07T21,1642.703
O,1091A07C41,2044.969
R,1091A06C41,481.544
O,1091A07C41,1909.112
O,1091A09C41,2533.518
R,1091C07NP3,330.211
O,1091A06C41,2423.200
O,1091A07T21,1302.754
F,1091A08C21,97.088
O,1091A08C21,1249.897
O,1091A08T41,3000.000
O,1091A07T21,1629.821
O,1091G07PA4,333.551
F,1091A07T21,0.000
O,1091A07C21,48.919
R,1091A06C41,491.155
R,1091A06C41,576.225
O,1091A07T21,1869.530
O,1091A07T21,2947.581
R,1091A07C41,913.852
O,1091A07T41,1923.324
O,1091A08T41,696.206
O,1091A06C41,618.971
O,1091A07T21,208.698
R,1091A10C41,920.200
O,1091A08T41,3000.000
O,1091A07T41,1914.730
O,1091A06T21,2284.649
O,1091A09C41,3000.000
O,1091A06T41,597.344
O,1091A08T41,741.085
O,1091A08T41,1882.164
O,1091A06T21,1159.217
O,1091A07T21,1871.075
O,1091A07T41,2735.887
O,1091A07C41,1031.075
O,1091A07T21,2154.051
O,1091A06C21,2419.155
O,1091A06C41,1760.481
O,1091A07T41,1679.817
O,1091A07T21,2264.039
O,1091A06T21,829.560
O,1091A07T21,3000.000
O,1091A08T41,328.366
O,1091A07T41,1580.249
F,1091A06C21,58.719
O,1091A08T41,1205.066
O,1091A06T21,1186.378
O,1091A07T41,2200.559
R,1091A07T21,2236.554
O,1091A08T41,239.865
O,1091A06C21,157.640
O,1091G08PA1,117.923
O,1091A06C21,2376.360
O,1091A09T41,1855.059
R,1091A07T21,764.489
O,1091A08T41,631.455
R,1091A07C21,1227.027
O,1091A08T41,1606.723
O,1091A07T21,394.104
O,1091A06C41,2064.284
O,1091A07T21,191.312
O,1091A08T41,2101.452
O,1091A07T41,2421.392
F,1091A08T41,49.437
O,1091A07C41,1758.079
O,1091A09C41,3000.000
R,1091A06C41,2986.692
O,1091A09C21,3000.000
R,1091A07C41,3000.000
O,1091A06T21,1126.687
O,1091A07T41,2704.404
O,1091A06T21,2774.378
O,1091A08T41,3000.000
O,1091A07T21,1180.141
O,1091A08T41,2167.356
O,1091A07T21,558.714
F,1091A09C21,49.743
F,1091A08T41,44.686
O,1091A09C21,3000.000
F,1091A06T21,28.666
O,1091A08T41,360.855
O,1091A08T41,643.185
O,1091A07T21,1581.113
F,1091A06C21,73.290
O,1091A06T21,3000.000
O,1091A08T41,2975.770
R,1091A07T21,2411.386
O,1091A06T21,3000.000
O,1091A06T21,3000.000
O,1091A07C41,681.560
O,1091G08PA4,1000.000
O,1091A08T41,641.836
O,1091A07C41,566.002
O,1091A09C21,2773.582
O,1091A07T21,2351.997
O,1091A07T41,1708.338
O,1091A09T41,1607.212
O,1091A08T41,905.154
O,1091A07C41,1907.484
O,1091A06T21,1578.128
O,1091A06C41,1685.684
O,1091A06T21,1188.680
O,1091A07T21,2897.931
O,1091A06T21,67.537
O,1091A07T41,1515.065
A,1091A06C41,0.000
O,1091A07T41,2039.050
F,1091A09C21,48.337
O,1091A06C41,1923.926
O,1091A08T41,2195.824
R,1091C07NP3,294.476
O,1091A08T41,2669.963
O,1091A07C41,1526.181
O,1091A08T41,1276.589
O,1091A07T21,2311.006
O,1091A08C41,2676.780
O,1091G08PA1,794.478
O,1091A08T41,521.484
O,1091A08T41,2138.556
O,1091A07T21,2346.028
O,1091A09C41,2719.379
O,1091A08T41,1301.375
O,1091A06C21,1192.526
O,1091A08T41,3000.000
O,1091A06C21,1122.313
O,1091A07C41,1711.575
O,1091A07T21,146.056
O,1091A07T21,1724.170
O,1091A06C21,1301.650
O,1091A06T21,48.219
O,1091A06C21,3000.000
O,1091A06C41,2242.575
R,1091C07NP3,738.137
O,1091G08PA1,200.815
O,1091A06T21,1169.561
O,1091A07T41,2931.177
O,1091A07T41,2457.270
O,1091A08T41,584.191
O,1091A07T21,251.635
F,1091A08T41,71.631
F,1091A09C21,53.295
O,1091A06T21,287.260
O,1091A07T21,632.427
O,1091A07C21,358.003
O,1091A07T21,1913.820
O,1091A07T21,1034.387
O,1091A07C21,2830.070
O,1091A07C21,1993.590
O,1091A08T41,1602.260
O,1091A09C21,3000.000
F,1091A06T21,0.000
O,1091A06T21,2003.945
O,1091A06T21,2288.906
O,1091A08T41,1342.234
F,1091A06T21,0.000
O,1091A06T21,3000.000
O,1091A07T41,1216.683
O,1091A07T21,1757.317
O,1091A07C21,2796.472
F,1091G07PA4,0.000
F,1091G07PA4,0.000
O,1091A08T41,1772.021
O,1091A08T41,398.195
O,1091G07PA4,514.059
O,1091A08T41,1504.648
O,1091A06T41,1149.121
F,1091G07PA4,0.000
O,1091G08PA1,209.393
O,1091A07T41,2476.468
O,1091A07T21,663.092
O,1091A08T41,1815.410
O,1091A07T21,2103.307
R,1091A06C41,2026.794
O,1091A08T41,374.908
O,1091A08T41,2370.022
O,1091A08T41,1834.447
O,1091A08T41,257.319
O,1091A08T41,882.890
O,1091A07T21,2320.926
O,1091A08T41,546.539
R,1091A06C41,375.010
O,1091A07T41,2288.574
O,1091A07T41,1700.489
O,1091A07C41,704.405
O,1091A06C41,501.375
O,1091A08T41,1782.154
O,1091A08T41,746.635
O,1091A08T41,184.028
O,1091A08T41,776.527
O,1091A07T21,1083.020
O,1091A06T41,1811.002
O,1091A06T21,2370.149
A,1091A07T21,0.000
O,1091G08PA1,267.617
O,1091A08T41,1100.505
O,1091A08T41,2484.417
O,1091A07T21,2088.984
O,1091A07T21,1379.716
O,1091A07T21,919.062
O,1091A06C41,1097.903
O,1091G08PA4,791.903
O,1091A06T21,171.666
O,1091A07T21,2366.447
O,1091A06T21,3000.000
O,1091A07T21,806.834
O,1091A08T41,1596.881
O,1091A07T21,2514.545
O,1091A08T41,1289.657
O,1091A07T41,2108.442
O,1091A07T41,1676.813
R,1091C07NP3,292.014
O,1091A07T41,1790.200
O,1091A06C41,1931.243
O,1091A08T41,1995.439
O,1091A07T21,714.244
O,1091A07T21,157.854
O,1091G08PA4,1000.000
O,1091A08T41,861.047
O,1091A06T41,852.667
O,1091A08T41,935.140
O,1091A08T41,733.800
O,1091A07T21,1122.603
F,1091A08C41,9.240
O,1091A07C21,2601.401
O,1091A09C21,2942.746
O,1091G08PA1,690.234
O,1091G08PA4,1000.000
O,1091A08C41,1512.734
O,1091A07T21,1728.584
R,1091A07T21,964.091
O,1091A07T41,1626.680
O,1091A08T41,1819.989
O,1091A08T41,2237.285
O,1091A07T41,2207.713
O,1091A07T41,1404.699
O,1091A08T41,2030.270
O,1091A08T41,279.600
R,1091A07T21,2280.205
O,1091A06C41,1490.853
O,1091A06T21,3000.000
R,1091A06C41,175.207
O,1091A06C41,1689.172
O,1091A07C21,2708.091
R,1091A06C41,1143.065
R,1091A06C41,2066.891
O,1091A07T21,2613.942
O,1091A07T41,2286.156
O,1091A07C41,1116.778
O,1091A08T41,1565.656
O,1091A08T41,1432.912
O,1091A07T21,447.363
O,1091A08T41,2339.582
O,1091C07NP3,303.150
O,1091A06T21,3000.000
O,1091A06T21,3000.000
O,1091G08PA4,461.224
O,1091G07PA4,300.001
O,1091A06T21,1908.041
O,1091A07T41,2761.596
O,1091A06T21,3000.000
O,1091A08T41,2099.742
O,1091A08T41,1860.054
O,1091G08PA4,205.849
O,1091A07T41,2920.419
O,1091A08T21,2711.623
O,1091A07T21,1878.045
O,1091A07T21,1096.681
O,1091A08T41,886.146
O,1091A07T41,1653.948
O,1091A07C41,713.379
R,1091A06C41,2439.338
O,1091G08PA4,797.357
R,1091A06C41,1148.714
R,1091A06C41,2452.314
O,1091A07T41,1937.920
R,1091A06C41,2266.657
O,1091A07C21,2795.899
R,1091A06C41,1947.640
R,1091A07T21,316.169
R,1091A06C41,213.567
O,1091A06T21,3000.000
O,1091A08T41,2100.177
O,1091A07T21,612.272
O,1091G08PA4,1000.000
O,1091A07T21,1271.783
O,1091A06T21,3000.000
F,1091A08T41,45.904
O,1091A06T21,3000.000
O,1091A07T21,325.697
O,1091A06T21,3000.000
O,1091A06T21,3000.000
O,1091A07T21,1215.496
O,1091A06T21,3000.000
O,1091A07T41,2753.529
O,1091A08T41,637.063
O,1091A07C21,2464.573
O,1091A07T41,2983.717
O,1091A08T41,494.976
O,1091A08T41,964.826
O,1091G07PA4,125.854
O,1091A08T41,2792.490
O,1091A08T41,303.408
O,1091A07C21,2687.869
R,1091A06C41,2201.040
O,1091A06C41,887.357
O,1091A07T41,2178.923
O,1091A08T21,2348.208
O,1091A08T21,1598.346
O,1091A07C41,3000.000
O,1091A08T41,172.177
O,1091A07T41,1899.972
O,1091A07T21,1199.938
O,1091A07C41,2223.590
O,1091A07T41,1697.137
O,1091A07T21,1889.597
O,1091A07T21,2716.908
O,1091A08T41,174.908
O,1091A07T41,2801.996
O,1091A07C21,2706.479
O,1091A08T41,2737.748
O,1091A08T41,936.508
O,1091A07T41,2627.019
O,1091A08C21,805.085
O,1091G08PA4,758.026
O,1091A08T41,180.961
O,1091A07C41,1500.324
O,1091A07C21,109.810
O,1091A08T41,558.790
R,1091G08PA1,709.163
O,1091A07T41,1582.462
O,1091A07T41,750.923
F,1091G08PA1,0.000
O,1091G07PA4,907.061
O,1091A06C41,1988.732
O,1091A07T41,1144.264
O,1091A08T41,1771.953
O,1091A07T41,1104.831
O,1091A07T21,1836.555
F,1091G07PA4,0.000
O,1091A07T21,2326.172
O,1091A07T21,50.997
O,1091A07T21,1071.268
O,1091G08PA1,255.639
O,1091A08T41,2131.432
O,1091A06T21,357.658
O,1091A08T41,739.114
O,1091A07T41,2255.074
O,1091A06T21,212.231
O,1091A08T41,360.955
O,1091A06C41,1817.632
O,1091A06T21,1158.350
O,1091A08T41,876.335
O,1091A08T41,547.622
O,1091A09C41,953.121
O,1091C07NP3,202.146
O,1091A07T21,1319.497
O,1091G08PA4,939.797
O,1091A07T41,1336.204
O,1091A08C41,2235.486
O,1091A07C41,1551.752
O,1091A08T41,1762.201
O,1091A08T41,1762.692
O,1091A07T41,1387.096
O,1091A08T41,1040.324
O,1091A06C21,1985.683
O,1091A08T41,837.565
O,1091A09T41,2722.174
O,1091A08T41,715.026
O,1091A08T41,1301.149
O,1091A08T41,1639.922
O,1091A06T21,1980.184
O,1091A06C41,1328.245
O,1091A08T41,1609.482
O,1091A09T41,2975.864
O,1091A07T41,1837.004
O,1091A08T41,1324.664
O,1091A07C41,1425.781
O,1091A07T21,1640.881
O,1091A08T21,2614.754
O,1091A06T41,2067.518
O,1091A09C41,1396.691
O,1091A06T41,1506.059
O,1091A08T41,154.016
F,1091A08T41,45.257
O,1091A07T21,1984.613
O,1091A06C21,1340.755
O,1091A07T21,2359.397
O,1091A07T41,2197.292
O,1091A08T41,1099.272
O,1091A08T41,2201.214
O,1091A07T21,2788.685
R,1091A07T21,2038.331
O,1091A06T21,3000.000
O,1091A08T41,1243.662
O,1091G08PA4,952.009
O,1091A08T41,2000.826
O,1091A07T21,1831.422
O,1091A07T21,505.219
O,1091A07C41,2298.277
O,1091A08T41,1367.941
O,1091G08PA1,250.015
O,1091A08T41,761.443
O,1091A08T21,2782.238
O,1091A07T41,360.042
O,1091A08T41,624.646
O,1091A08T41,1161.957
O,1091A08T41,1565.730
A,1091A06T41,162.618
O,1091A07T21,2182.634
O,1091A08T41,1628.801
O,1091A07T21,2102.989
O,1091A06T41,1779.356
O,1091A08T41,1727.734
O,1091G08PA4,889.249
O,1091A08T41,1709.691
O,1091G08PA1,143.623
O,1091A08T41,778.490
O,1091A08T41,1901.843
O,1091A08T41,1613.724
O,1091A07T21,2294.383
O,1091A07T21,2037.586
O,1091A09T41,1351.448
F,1091C07NP3,0.000
O,1091A07T21,1445.631
O,1091A07T41,1168.266
F,1091A06T21,33.958
O,1091G08PA4,968.218
O,1091A06T21,3000.000
O,1091A08T41,2686.448
O,1091G08PA1,0.000
O,1091A08T41,1745.831
O,1091A06T21,1559.000
O,1091A07T41,2991.921
O,1091A07T41,3000.000
O,1091A07T21,2267.556
F,1091A09T41,39.555
O,1091A08T41,1983.716
O,1091A08T41,1153.753
O,1091A07T21,1793.644
O,1091A07T41,1454.537
O,1091A07C41,1934.626
O,1091A08T41,242.691
R,1091A06C41,2292.404
O,1091A07T41,1180.308
O,1091A07T21,167.299
O,1091A08T21,2725.219
O,1091A08T41,481.107
O,1091A06T21,3000.000
O,1091C07NP3,346.980
F,1091A08T41,43.619
F,1091A07T21,55.226
O,1091A08T41,1456.160
O,1091A07C21,2855.272
O,1091A07T21,2096.357
O,1091A07C41,785.723
O,1091A07T21,908.021
O,1091G08PA4,895.333
O,1091C07NP3,34.809
O,1091A07T41,2665.213
O,1091A07T21,1034.399
O,1091A07T41,1813.689
R,1091A07T21,2975.607
O,1091A07T21,1200.467
O,1091A07C41,1390.009
O,1091A07C41,1787.756
O,1091A06C41,2254.152
R,1091A06C41,2410.407
O,1091G08PA4,1000.000
O,1091A07T41,3000.000
R,1091A06C41,1541.458
R,1091A06C41,1564.046
R,1091A06C41,1439.589
R,1091A06C41,2626.724
O,1091A07T21,2212.173
O,1091A08T41,855.527
O,1091A07C41,1150.516
O,1091G08PA1,344.991
O,1091A08T41,912.157
O,1091A07C41,1623.320
F,1091A06C41,28.532
O,1091G08PA4,499.439
O,1091A06C41,1632.351
O,1091A08T41,1047.312
O,1091A07T21,1341.210
O,1091A07T41,643.039
O,1091A08T41,2429.423
O,1091A07T41,1382.403
O,1091G08PA4,836.516
O,1091A08T41,1636.928
O,1091A07T21,683.580
O,1091A07T41,1346.256
O,1091G08PA4,552.558
O,1091A07T21,1434.880
O,1091A08T41,1576.821
O,1091A07C41,1759.682
O,1091A07T41,1431.080
O,1091A06C41,469.606
O,1091A06T21,3000.000
O,1091A06T21,3000.000
O,1091A06T21,3000.000
O,1091A06T21,3000.000
O,1091A06T21,3000.000
O,1091A06C21,2884.697
O,1091A08T41,1223.429
O,1091G07PA4,101.614
O,1091A07T41,2638.669
O,1091A07T21,1861.247
F,1091A07T21,0.000
O,1091A07T41,1478.482
O,1091A08T41,2723.564
O,1091A07T41,1521.062
O,1091A07C41,1422.469
O,1091A07T21,2758.937
O,1091A08T41,1649.668
O,1091A09T41,2720.749
O,1091A07T21,1501.447
O,1091A07T21,292.100
O,1091G08PA4,681.846
O,1091A07T21,1746.630
O,1091A07T41,1711.315
O,1091A07T21,2702.946
F,1091A07T41,40.422
O,1091A07C41,0.285
O,1091A08T41,651.417
O,1091A07T41,1423.724
O,1091A08T41,1481.011
O,1091A07T41,3000.000
O,1091A07T41,2802.581
O,1091G08PA4,837.692
O,1091A07T41,2399.142
O,1091A07T41,1899.036
O,1091A07T41,1809.888
O,1091A08T41,370.328
O,1091A07T21,1838.968
O,1091A07T41,137.532
O,1091A07T21,667.404
O,1091A07T21,154.982
DN,1091C07NP3,1000.000
DN,1091C07NP3,1000.000
DN,1091C07NP3,1000.000
DN,1091C07NP3,1000.000
DN,1091C07NP3,1000.000
DN,1091C07NP3,1000.000
DN,1091C07NP3,1000.000
DN,1091C07NP3,1000.000
DN,1091C07NP3,1000.000
DN,1091C07NP3,1000.000
DN,1091C07NP3,1000.000
DN,1091C07NP3,1000.000
DN,1091C07NP3,1000.000
DN,1091C07NP3,1000.000
DN,1091C07NP3,1000.000
DN,1091C07NP3,1000.000
DF,1091G08MA1,0.000
DF,1091G08MA1,0.000
DF,1091G08MA1,0.000
DF,1091G08MA1,1.322
DF,1091G08MA1,0.000
DF,1091G08MA1,0.000
DF,1091G08MA1,0.000
DF,1091G08MA1,0.000
DN,1091C07NP3,1000.000
DN,1091C07NP3,1000.000
DN,1091C07NP3,1000.000
DN,1091C07NP3,1000.000
DN,1091C07NP3,1000.000
DN,1091C07NP3,1000.000
DN,1091C07NP3,1000.000
DN,1091C07NP3,1000.000
DN,1091C07NP3,1000.000
DN,1091C07NP3,1000.000
DN,1091C07NP3,1000.000
DN,1091C07NP3,1000.000
