ENTITY,MODEL,STATUS,LOT#,OPER,PRODUCT,BOND ID,OUTPLAN,IN TIME,CUST,PIN_PKG,WIP
BB211,UTC3000,RUNNING,P46AWA213,2200,048TPAW103,AAW048TP1008B,21-11-12 19:08,21-11-12 08:33,MXIC,TSOP1-48/M2,720
BB212,UTC3000,RUNNING,P45AWDH24,2200,048TPAW086,AAW048TP1041B,21-11-12 15:03,21-11-12 05:46,MXIC,TSOP1-48/M2,720
BB213,UTC3000,RUNNING,P45BUCP03,2200,096EABU001,ABU096EA1001A,21-11-12 16:04,21-11-12 03:52,ICSI,FBGA-96LEA,2598
BB214,UTC3000,WAIT-REPAIR,P45AWEL04,2200,063XMAW004,AAW063XM5001A,21-11-12 19:54:34,21-11-12 10:56,MXIC,STBGA63BAU,5808
BB215,UTC3000,RUNNING,P46AWA201,2200,048TPAW103,AAW048TP1008B,21-11-12 14:29,21-11-12 03:54,MXIC,TSOP1-48/M2,720
BB216,UTC3000,RUNNING,P46AWA226,2200,048TPAW103,AAW048TP1008B,21-11-12 22:50,21-11-12 12:15,MXIC,TSOP1-48/M2,720
BB217,UTC3000,RUNNING,P45AWDH34,2200,048TPAW086,AAW048TP1041B,21-11-12 12:58,21-11-12 03:40,MXIC,TSOP1-48/M2,720
BB218,UTC3000,RUNNING,P45AWE308,2200,048TPAW086,AAW048TP1041B,21-11-12 18:16,21-11-12 08:59,MXIC,TSOP1-48/M2,720
BB219,UTC3000,RUNNING,P46AWA224,2200,048TPAW103,AAW048TP1008B,21-11-12 23:13,21-11-12 12:38,MXIC,TSOP1-48/M2,720
BB220,UTC3000,RUNNING,P45AWEL05,2200,063XMAW004,AAW063XM5001A,21-11-12 14:55,21-11-12 05:18,MXIC,STBGA63BAU,2635
BB221,UTC3000,RUNNING,P45BUCG03,2200,096EABU001,ABU096EA1001A,21-11-12 22:01,21-11-12 09:36,ICSI,FBGA-96LEA,2640
BB222,UTC3000,PM,P46AWA221,2200,048TPAW103,AAW048TP1008B,21-11-12 22:41,21-11-12 12:41,MXIC,TSOP1-48/M2,720
BB223,UTC3000,RUNNING,P44VEU201,2200,054TSVE004,AVE054TS1003B,21-11-12 06:25,21-11-11 15:56,Everspin,TSOP2-54CMES,2421
BB224,UTC3000,RUNNING,P45AWDH02,2200,048TPAW086,AAW048TP1041B,21-11-12 17:06,21-11-12 07:49,MXIC,TSOP1-48/M2,720
BB225,UTC3000,RUNNING,P46AWA207,2200,048TPAW103,AAW048TP1008B,21-11-12 15:11,21-11-12 04:36,MXIC,TSOP1-48/M2,720
BB226,UTC3000,RUNNING,P46AWA222,2200,048TPAW103,AAW048TP1008B,21-11-12 21:06,21-11-12 10:31,MXIC,TSOP1-48/M2,720
BB227,UTC3000,RUNNING,P45AWDH12,2200,048TPAW086,AAW048TP1041B,21-11-12 18:43,21-11-12 09:26,MXIC,TSOP1-48/M2,720
BB228,UTC3000,RUNNING,P46AWA202,2200,048TPAW103,AAW048TP1008B,21-11-12 14:32,21-11-12 03:57,MXIC,TSOP1-48/M2,720
BB229,UTC3000,RUNNING,P46AWA210,2200,048TPAW103,AAW048TP1008B,21-11-12 21:14,21-11-12 10:39,MXIC,TSOP1-48/M2,720
BB230,UTC3000,RUNNING,P45AWFK39,2200,048TPAW103,AAW048TP1008B,21-11-12 12:24,21-11-12 01:49,MXIC,TSOP1-48/M2,720
BB231,UTC3000,RUNNING,P46AWA216,2200,048TPAW103,AAW048TP1008B,21-11-12 18:09,21-11-12 07:34,MXIC,TSOP1-48/M2,720
BB232,UTC3000,RUNNING,P45AWDH14,2200,048TPAW086,AAW048TP1041B,21-11-12 18:53,21-11-12 09:36,MXIC,TSOP1-48/M2,720
BB233,UTC3000,RUNNING,P45AWE327,2200,048TPAW086,AAW048TP1041B,21-11-12 21:10,21-11-12 11:53,MXIC,TSOP1-48/M2,720
BB234,UTC3000,RUNNING,P46AWA206,2200,048TPAW103,AAW048TP1008B,21-11-12 15:57,21-11-12 05:22,MXIC,TSOP1-48/M2,720
BB235,UTC3000,RUNNING,P46AWA203,2200,048TPAW103,AAW048TP1008B,21-11-12 13:27,21-11-12 02:52,MXIC,TSOP1-48/M2,720
BB441,UTC1000S,SETUP,,,,AMS048TW1057A,21-11-12 14:36,21-11-12 13:12,,,
BB442,UTC1000S,RUNNING,P46MSB303,2200,078U9MS017,AMS078C93001B,21-11-13 02:38,21-11-12 02:04,MTI,FBGA-78U9,6630
BB443,UTC1000S,RUNNING,P45CDBT12,2200,066TNCD012,CD066TA1007A,21-11-12 11:52,21-11-12 03:15,ETRON,TSOP2-66ME,2880
BB444,UTC1000S,RUNNING,P46ABBA06,2200,096EFAB009,AAB096EF3001A,21-11-12 19:16,21-11-12 08:22,WINBOND,FBGA96UEF3-2,2440
BB445,UTC1000S,STOP,P45ABLN01,2200,096ELAB043,AAB096EL1012A,21-11-12 13:08,21-11-12 13:08,WINBOND,FBGA96UEL(2),6000
BB446,UTC1000S,RUNNING,P45CDBT08,2200,066TNCD012,CD066TA1007A,21-11-12 11:24,21-11-12 02:46,ETRON,TSOP2-66ME,2880
BB447,UTC1000S,RUNNING,P45BUCW07,2200,084UCBU006,ABU084CC2004B,21-11-13 01:36,21-11-12 09:50,ICSI,FBGA-84UC(2),5560
BB448,UTC1000S,WAIT-SETUP,P45ABGI04,2200,054TNAB041,AAB054TN1005A,21-11-12 18:08:44,21-11-12 12:15,WINBOND,TSOP2-54ME,2880
BB449,UTC1000S,SETUP,,,,AAW064MR1009A,21-11-12 11:50,21-11-12 10:26,,,
BB450,UTC1000S,RUNNING,P45AWEV01,2200,024MAAW023,AAW024MA6013C,21-11-12 15:33,21-11-12 12:42,MXIC,MINIBGA24A3L,3765
BB451,UTC1000S,RUNNING,P45ABJQ01,2200,096ELAB043,AAB096EL1012A,21-11-13 02:35,21-11-12 10:05,WINBOND,FBGA96UEL(2),4297
BB452,UTC1000S,RUNNING,P45ABGI15,2200,054TNAB041,AAB054TN1005A,21-11-12 21:01,21-11-12 12:46,WINBOND,TSOP2-54ME,2299
BB453,UTC1000S,SETUP,,,,AMS048TW1057A,21-11-12 13:50,21-11-12 13:10,,,
BB454,UTC1000S,IN-REPAIR,P45ABGG10,2200,054TNAB041,AAB054TN1005A,21-11-12 12:53:13,21-11-12 13:21,WINBOND,TSOP2-54ME,2880
BB455,UTC1000S,RUNNING,P45CDAS01,2200,054TNCD021,ACD054TN1001A,21-11-12 20:41,21-11-12 08:16,ETRON,TSOP2-54ME,2880
BB456,UTC1000S,RUNNING,P45MSH915,2200,048TWMS067,AMS048TW1057A,21-11-12 17:03,21-11-12 11:04,MTI,TSOP1-48AM,2160
BB457,UTC1000S,RUNNING,P45ABKA07,2200,054TNAB029,AAB054TN1004A,21-11-12 16:56,21-11-12 07:06,WINBOND,TSOP2-54ME,2880
BB458,UTC1000S,RUNNING,P45ABGG06,2200,054TNAB041,AAB054TN1005A,21-11-12 15:04,21-11-12 04:46,WINBOND,TSOP2-54ME,2880
BB459,UTC1000S,RUNNING,P46MSC402,2200,078ENMS016,AMS078EN1002A,21-11-13 01:19,21-11-12 10:43,MTI,FBGA-78UEN,3581
BB460,UTC1000S,RUNNING,P45ABLE03,2200,063NWAB006,AAB063NW3008A,21-11-12 14:22,21-11-12 06:42,WINBOND,VFBGA63BFU,5963
BB461,UTC1000S,RUNNING,P43BUB808,2200,054MFBU004,BU054MF1002A,21-11-12 21:16,21-11-12 08:48,ICSI,MINIBGA54A4,3762
BB462,UTC1000S,RUNNING,P45ABAR05,2200,060NRAB016,AAB060NR1007A,21-11-12 21:14,21-11-12 06:32,WINBOND,VFBGA60B4L,5760
BB463,UTC1000S,RUNNING,P45CDBR02,2200,096EFCD001,ACD096EF2001B,21-11-12 16:30,21-11-11 21:59,ETRON,FBGA-96UEF,5000
BB465,UTC1000S,RUNNING,P45ABHJ01,2200,060EMAB003,AAB060EM2002A,21-11-12 21:26,21-11-11 23:00,WINBOND,FBGA60UEM2-1,6503
BB466,UTC1000S,RUNNING,P45MSH923,2200,048TWMS067,AMS048TW1057A,21-11-12 19:05,21-11-12 13:06,MTI,TSOP1-48AM,2160
BB467,UTC1000S,RUNNING,P42CDB301,2200,060CACD003,ACD060CD3002A,21-11-12 14:26,21-11-12 05:49,ETRON,FBGA-60MA,2369
BB468,UTC1000S,RUNNING,P45ABGI01,2200,054TNAB041,AAB054TN1005A,21-11-12 20:02,21-11-12 09:44,WINBOND,TSOP2-54ME,2880
BB469,UTC1000S,RUNNING,P46MSB402,2200,078U9MS017,AMS078C93001B,21-11-12 19:38,21-11-11 18:52,MTI,FBGA-78U9,6686
BB470,UTC1000S,WAIT-SETUP,P46MSAZ01,2200,078U9MS017,AMS078C93001B,21-11-12 12:05:08,21-11-12 10:57,MTI,FBGA-78U9,6635
BB471,UTC1000S,RUNNING,P45ABGG04,2200,054TNAB041,AAB054TN1005A,21-11-12 15:14,21-11-12 04:56,WINBOND,TSOP2-54ME,2880
BB472,UTC1000S,RUNNING,P45MSH922,2200,048TWMS067,AMS048TW1057A,21-11-12 16:31,21-11-12 10:33,MTI,TSOP1-48AM,2160
BB473,UTC1000S,RUNNING,P46MSB406,2200,078U9MS017,AMS078C93001B,21-11-13 06:22,21-11-12 05:28,MTI,FBGA-78U9,6720
BB474,UTC1000S,WAIT-REPAIR,P45MSH911,2200,048TWMS067,AMS048TW1057A,21-11-12 15:50:45,21-11-12 13:21,MTI,TSOP1-48AM,2160
BB475,UTC1000S,RUNNING,P45ABHE01,2200,060EMAB003,AAB060EM2002A,21-11-12 17:27,21-11-11 15:06,WINBOND,FBGA60UEM2-1,7640
BB476,UTC1000S,RUNNING,P45CDA303,2200,054TNCD011,ACD054TA1007A,21-11-12 04:47,21-11-11 19:22,ETRON,TSOP2-54ME,2880
BB477,UTC1000S,RUNNING,P45MSHG07,2200,048TWMS087,AMS048TW1046A,21-11-12 15:31,21-11-12 10:42,MTI,TSOP1-48AM,2160
BB478,UTC1000S,RUNNING,P45CDBR06,2200,096EFCD001,ACD096EF2001B,21-11-12 16:53,21-11-12 12:57,ETRON,FBGA-96UEF,1039
BB479,UTC1000S,RUNNING,P45ABHM02,2200,060EMAB003,AAB060EM2002A,21-11-13 06:14,21-11-12 11:37,WINBOND,FBGA60UEM2-1,5393
BB480,UTC1000S,RUNNING,P45BUCW08,2200,084UCBU006,ABU084CC2004B,21-11-13 02:10,21-11-12 10:19,ICSI,FBGA-84UC(2),5595
BB481,UTC1000S,RUNNING,P46MSC405,2200,078ENMS016,AMS078EN1002A,21-11-12 21:47,21-11-12 07:06,MTI,FBGA-78UEN,3600
BB482,UTC1000S,RUNNING,P46MSC204,2200,078ENMS016,AMS078EN1002A,21-11-13 01:20,21-11-12 10:48,MTI,FBGA-78UEN,3560
BB483,UTC1000S,PM,P45AWEC05,2200,024MAAW023,AAW024MA6013C,21-11-12 18:39,21-11-12 08:39,MXIC,MINIBGA24A3L,8573
BB484,UTC1000S,RUNNING,P45MSGE17,2200,048TWMS080,AMS048TW1065A,21-11-12 08:28,21-11-12 02:47,MTI,TSOP1-48AM,2160
BB485,UTC1000S,RUNNING,P45CDBT14,2200,066TNCD012,CD066TA1007A,21-11-12 13:40,21-11-12 06:34,ETRON,TSOP2-66ME,2369
BB486,UTC1000S,RUNNING,P45MSH903,2200,048TWMS067,AMS048TW1057A,21-11-12 15:48,21-11-11 20:47,MTI,TSOP1-48AM,2160
BB487,UTC1000S,RUNNING,P45ABHR01,2200,060EMAB003,AAB060EM2002A,21-11-13 09:49,21-11-12 12:37,WINBOND,FBGA60UEM2-1,6144
BB488,UTC1000S,RUNNING,P45ABGG13,2200,054TNAB041,AAB054TN1005A,21-11-12 09:55,21-11-12 07:12,WINBOND,TSOP2-54ME,741
BB489,UTC1000S,RUNNING,P45MSHG04,2200,048TWMS087,AMS048TW1046A,21-11-12 13:01,21-11-11 22:26,MTI,TSOP1-48AM,2160
BB490,UTC1000S,RUNNING,P45ABBI01,2200,054TNAB041,AAB054TN1005A,21-11-12 14:09,21-11-12 03:51,WINBOND,TSOP2-54ME,2880
BB496,UTC1000S,RUNNING,P45ABGI11,2200,054TNAB041,AAB054TN1005A,21-11-12 23:00,21-11-12 12:42,WINBOND,TSOP2-54ME,2880
BB497,UTC1000S,RUNNING,P46ABBX01,2200,063NWAB003,AAB063NW3001A,21-11-12 17:28,21-11-12 09:27,WINBOND,VFBGA63BFU,6000
BB498,UTC1000S,ENG,,,,AMS078C93001B,21-11-12 10:51,21-11-12 10:51,,,
BB499,UTC1000S,WAIT-SETUP,,,,AAB024MA0007A,,21-11-12 11:42,,,
BB500,UTC1000S,RUNNING,P45BUD305,2200,090NCBU014,ABU090NC8002B,21-11-12 16:18,21-11-12 08:46,ICSI,VFBGA90B4L,1658
BB501,UTC1000S,RUNNING,P45AWD803,2200,052XYAW004,AAW052XY1002A,21-11-12 23:46,21-11-11 16:32,MXIC,STBGA52D4L,5700
BB502,UTC1000S,RUNNING,P45ABAM08,2200,060NRAB016,AAB060NR1007A,21-11-12 13:43,21-11-12 03:28,WINBOND,VFBGA60B4L,4003
BB503,UTC1000S,RUNNING,P45BUD304,2200,090NCBU014,ABU090NC8002B,21-11-12 13:56,21-11-11 19:12,ICSI,VFBGA90B4L,4149
BB504,UTC1000S,IDLE,,,,AAB024MAA010A,,21-11-12 12:09,,,
BB505,UTC1000S,RUNNING,P45ABHN02,2200,060EMAB003,AAB060EM2002A,21-11-12 17:30,21-11-11 14:45,WINBOND,FBGA60UEM2-1,7760
BB506,UTC1000S,RUNNING,P46MSAZ06,2200,078U9MS017,AMS078C93001B,21-11-12 20:07,21-11-11 19:13,MTI,FBGA-78U9,6720
BB507,UTC1000S,IDLE,,,,AMS078EN1002A,,21-11-10 07:06,,,
BB508,UTC1000S,RUNNING,P45OKA101,2200,036RPOK001,AOK036RP1001A,21-11-12 13:09,21-11-11 17:28,LAPIS,MBGA36Q3L,8309
BB509,UTC1000S,RUNNING,P45ABLE02,2200,063NWAB006,AAB063NW3008A,21-11-12 15:38,21-11-12 07:54,WINBOND,VFBGA63BFU,6000
BB510,UTC1000S,IDLE,,,,AMS048TW1037A,,21-11-12 11:59,,,
BB511,UTC1000S,RUNNING,P45ABGF03,2200,054TNAB041,AAB054TN1005A,21-11-12 08:37,21-11-11 22:20,WINBOND,TSOP2-54ME,2880
BB512,UTC1000S,RUNNING,P45MSEQ24,2200,048TWMS046,AMS048TW1037A,21-11-12 13:13,21-11-12 09:19,MTI,TSOP1-48AM,1774
BB513,UTC1000S,RUNNING,P46MSAZ04,2200,078U9MS017,AMS078C93001B,21-11-12 16:03,21-11-11 15:30,MTI,FBGA-78U9,6627
BB514,UTC1000S,RUNNING,P46MSC208,2200,078ENMS016,AMS078EN1002A,21-11-13 01:19,21-11-12 10:38,MTI,FBGA-78UEN,3600
BB515,UTC1000S,RUNNING,P45AWEC07,2200,024MAAW023,AAW024MA6013C,21-11-12 19:10,21-11-12 12:45,MXIC,MINIBGA24A3L,8620
BB516,UTC1000S,RUNNING,P46MSC207,2200,078ENMS016,AMS078EN1002A,21-11-13 01:17,21-11-12 10:35,MTI,FBGA-78UEN,3600
BB517,UTC1000S,RUNNING,P45ABLL02,2200,096EFAB009,AAB096EF3001A,21-11-12 21:27,21-11-12 10:34,WINBOND,FBGA96UEF3-2,2440
BB518,UTC1000S,IN-REPAIR,,,,AAB096EF3001A,,21-11-12 07:37,,,
BB519,UTC1000S,RUNNING,P45OKA102,2200,036RPOK001,AOK036RP1001A,21-11-12 13:19,21-11-11 22:42,LAPIS,MBGA36Q3L,6161
BB520,UTC1000S,RUNNING,P45MSEQ20,2200,048TWMS046,AMS048TW1037A,21-11-12 15:00,21-11-12 10:16,MTI,TSOP1-48AM,2160
BB521,UTC1000S,RUNNING,P46MSAI06,2200,078ENMS009,AMS078EN1001A,21-11-12 06:07,21-11-11 06:27,MTI,FBGA-78UEN,3600
BB522,UTC1000S,RUNNING,P45BUCX01,2200,084UCBU003,ABU084CC2002B,21-11-12 09:57,21-11-11 11:10,ICSI,FBGA-84UC(2),5577
BB523,UTC1000S,RUNNING,P45CDBR05,2200,096EFCD001,ACD096EF2001B,21-11-13 04:00,21-11-12 09:29,ETRON,FBGA-96UEF,5000
BB524,UTC1000S,RUNNING,P45MSEQ23,2200,048TWMS046,AMS048TW1037A,21-11-12 12:27,21-11-12 07:44,MTI,TSOP1-48AM,2160
BB525,UTC1000S,RUNNING,P45ABGG01,2200,054TNAB041,AAB054TN1005A,21-11-12 15:25,21-11-12 05:07,WINBOND,TSOP2-54ME,2880
BB526,UTC1000S,RUNNING,P45BUCX03,2200,084UCBU003,ABU084CC2002B,21-11-12 10:00,21-11-11 11:07,ICSI,FBGA-84UC(2),5599
BB527,UTC1000S,IDLE,,,,AMS078EN1001A,,21-11-11 14:47,,,
BB528,UTC1000S,RUNNING,P45CDAR06,2200,054TNCD021,ACD054TN1001A,21-11-12 15:11,21-11-12 02:46,ETRON,TSOP2-54ME,2880
BB529,UTC1000S,RUNNING,P45CDAR01,2200,054TNCD021,ACD054TN1001A,21-11-12 14:26,21-11-12 02:01,ETRON,TSOP2-54ME,2880
BB530,UTC1000S,RUNNING,P45AWDB02,2200,052XYAW004,AAW052XY1002A,21-11-13 01:47,21-11-11 18:37,MXIC,STBGA52D4L,5686
BB531,UTC1000S,IDLE,,,,AMS078EN1001A,,21-11-11 17:51,,,
BB532,UTC1000S,RUNNING,P42CDB305,2200,060CACD003,ACD060CD3002A,21-11-12 22:12,21-11-12 13:28,ETRON,FBGA-60MA,2400
BB533,UTC1000S,RUNNING,P46MSC403,2200,078ENMS016,AMS078EN1002A,21-11-13 01:24,21-11-12 10:42,MTI,FBGA-78UEN,3600
BB534,UTC1000S,IDLE,,,,AMS078EN1001A,,21-11-11 16:51,,,
BB535,UTC1000S,RUNNING,P43BUB805,2200,054MFBU004,BU054MF1002A,21-11-12 06:51,21-11-11 17:52,ICSI,MINIBGA54A4,3915
BB536,UTC1000S,RUNNING,P45AWD805,2200,052XYAW004,AAW052XY1002A,21-11-13 04:07,21-11-11 20:34,MXIC,STBGA52D4L,5754
BB537,UTC1000S,RUNNING,P45MSD502,2200,048TWMS080,AMS048TW1065A,21-11-12 14:53,21-11-12 09:12,MTI,TSOP1-48AM,2160
BB538,UTC1000S,RUNNING,P43BUB809,2200,054MFBU004,BU054MF1002A,21-11-12 19:14,21-11-12 06:21,ICSI,MINIBGA54A4,3889
BB539,UTC1000S,IDLE,,,,AAB024MAA010A,,21-11-12 08:20,,,
BB540,UTC1000S,RUNNING,P45CDBT02,2200,066TNCD012,CD066TA1007A,21-11-12 08:00,21-11-11 23:23,ETRON,TSOP2-66ME,2880
BB541,UTC1000S,IDLE,,,,AMS078EN1002A,,21-11-10 06:15,,,
BB542,UTC1000S,RUNNING,P45CDBR04,2200,096EFCD001,ACD096EF2001B,21-11-12 20:56,21-11-12 02:25,ETRON,FBGA-96UEF,5000
BB543,UTC1000S,RUNNING,P45CDBT07,2200,066TNCD012,CD066TA1007A,21-11-12 14:19,21-11-12 05:42,ETRON,TSOP2-66ME,2880
BB544,UTC1000S,RUNNING,P45AWD806,2200,052XYAW004,AAW052XY1002A,21-11-12 21:18,21-11-11 13:44,MXIC,STBGA52D4L,5760
BB545,UTC1000S,RUNNING,P46MSAV05,2200,078U9MS017,AMS078C93001B,21-11-12 16:21,21-11-11 15:36,MTI,FBGA-78U9,6680
BB546,UTC1000S,SETUP,P45CDBT11,2200,066TNCD012,CD066TA1007A,21-11-12 13:55,21-11-12 13:25,ETRON,TSOP2-66ME,2880
BB547,UTC1000S,STOP,P46MSC203,2200,078ENMS016,AMS078EN1002A,21-11-12 13:22,21-11-12 13:22,MTI,FBGA-78UEN,3560
BB548,UTC1000S,RUNNING,P45AWDB01,2200,052XYAW004,AAW052XY1002A,21-11-13 03:34,21-11-11 20:12,MXIC,STBGA52D4L,5720
BB549,UTC1000S,RUNNING,P46MSAT06,2200,078U9MS017,AMS078C93001B,21-11-12 16:34,21-11-11 15:49,MTI,FBGA-78U9,6680
BB550,UTC1000S,RUNNING,P45AWC802,2200,064MRAW029,AAW064MR1009A,21-11-12 08:34,21-11-11 20:18,MXIC,MBGA64J4U,3994
BB551,UTC1000S,IDLE,,,,AMS078EN1001A,,21-11-11 17:36,,,
BB552,UTC1000S,RUNNING,P46MSB401,2200,078U9MS017,AMS078C93001B,21-11-12 16:23,21-11-11 15:47,MTI,FBGA-78U9,6642
BB553,UTC1000S,IDLE,,,,AMS078EN1002A,,21-11-10 13:22,,,
BB554,UTC1000S,RUNNING,P46MSB306,2200,078U9MS017,AMS078C93001B,21-11-13 06:34,21-11-12 05:47,MTI,FBGA-78U9,6687
BB555,UTC1000S,RUNNING,P45CDBT13,2200,066TNCD012,CD066TA1007A,21-11-12 20:23,21-11-12 11:46,ETRON,TSOP2-66ME,2880
BB556,UTC1000S,RUNNING,P45ABGH13,2200,054TNAB041,AAB054TN1005A,21-11-12 16:34,21-11-12 13:19,WINBOND,TSOP2-54ME,892
BB557,UTC1000S,RUNNING,P45ABHN01,2200,060EMAB003,AAB060EM2002A,21-11-12 20:54,21-11-11 18:33,WINBOND,FBGA60UEM2-1,7641
BB558,UTC1000S,RUNNING,P45ABAR02,2200,060NRAB016,AAB060NR1007A,21-11-12 21:10,21-11-12 06:40,WINBOND,VFBGA60B4L,5677
BB559,UTC1000S,RUNNING,P45CDBS09,2200,066TNCD012,CD066TA1007A,21-11-12 21:48,21-11-12 13:10,ETRON,TSOP2-66ME,2880
BB560,UTC1000S,RUNNING,P45ABAM07,2200,060NRAB016,AAB060NR1007A,21-11-12 15:19,21-11-12 00:43,WINBOND,VFBGA60B4L,5720
BB561,UTC1000S,RUNNING,P46MSAA05,2200,078ENMS009,AMS078EN1001A,21-11-12 23:31,21-11-11 06:26,MTI,FBGA-78UEN,3586
BB562,UTC1000S,IDLE,,,,AMS078EN1001A,,21-11-11 18:29,,,
BB563,UTC1000S,RUNNING,P45AWEU01,2200,024MAAW023,AAW024MA6013C,21-11-12 14:52,21-11-12 08:30,MXIC,MINIBGA24A3L,8550
BB564,UTC1000S,RUNNING,P45ABLL01,2200,096EFAB009,AAB096EF3001A,21-11-12 13:38,21-11-12 02:45,WINBOND,FBGA96UEF3-2,2440
BB565,UTC1000S,IDLE,,,,AMS078EN1002A,,21-11-10 10:09,,,
BB566,UTC1000S,RUNNING,P45AWD804,2200,052XYAW004,AAW052XY1002A,21-11-12 22:43,21-11-11 15:28,MXIC,STBGA52D4L,5700
BB567,UTC1000S,RUNNING,P46MSBG04,2200,078U9MS017,AMS078C93001B,21-11-13 12:22,21-11-12 11:52,MTI,FBGA-78U9,6610
BB568,UTC1000S,RUNNING,P45AWEW01,2200,024MAAW023,AAW024MA6013C,21-11-12 11:52,21-11-12 10:05,MXIC,MINIBGA24A3L,2296
BB569,UTC1000S,RUNNING,P46MSAT05,2200,078U9MS017,AMS078C93001B,21-11-12 12:12,21-11-11 11:20,MTI,FBGA-78U9,6709
BB570,UTC1000S,IDLE,,,,AMS048TW1037A,,21-11-12 11:44,,,
BB571,UTC1000S,RUNNING,P46MSBM01,2200,078U9MS017,AMS078C93001B,21-11-13 13:01,21-11-12 12:17,MTI,FBGA-78U9,6675
BB572,UTC1000S,IDLE,,,,AMS078EN1002A,,21-11-10 09:08,,,
BB573,UTC1000S,RUNNING,P45BUCW09,2200,084UCBU006,ABU084CC2004B,21-11-13 01:19,21-11-12 09:26,ICSI,FBGA-84UC(2),5600
BB574,UTC1000S,IDLE,,,,ABU096EF2001A,,21-11-12 13:03,,,
BB575,UTC1000S,RUNNING,P45MSEQ10,2200,048TWMS046,AMS048TW1037A,21-11-12 15:40,21-11-12 10:57,MTI,TSOP1-48AM,2160
BB576,UTC1000S,RUNNING,P46MSBA01,2200,078U9MS017,AMS078C93001B,21-11-13 05:05,21-11-12 04:27,MTI,FBGA-78U9,6648
BB577,UTC1000S,RUNNING,P45ABGI09,2200,054TNAB041,AAB054TN1005A,21-11-12 21:54,21-11-12 11:36,WINBOND,TSOP2-54ME,2880
BB578,UTC1000S,PM,,,,AAW052XY1002A,21-11-12 16:51,21-11-12 12:51,,,
BB579,UTC1000S,RUNNING,P45ABHK01,2200,060EMAB003,AAB060EM2002A,21-11-12 18:42,21-11-11 21:11,WINBOND,FBGA60UEM2-1,6239
BB580,UTC1000S,RUNNING,P45ABGI05,2200,054TNAB041,AAB054TN1005A,21-11-12 22:51,21-11-12 12:33,WINBOND,TSOP2-54ME,2880
BB581,UTC1000S,RUNNING,P45ABLM07,2200,024MAAB028,AAB024MA5012A,21-11-12 17:28,21-11-12 11:56,WINBOND,MINIBGA24A2L,8640
BB582,UTC1000S,WAIT-REPAIR,P45CDAR03,2200,054TNCD021,ACD054TN1001A,21-11-12 15:23:35,21-11-12 11:11,ETRON,TSOP2-54ME,2880
BB583,UTC1000S,RUNNING,P45MSD504,2200,048TWMS080,AMS048TW1065A,21-11-12 18:48,21-11-12 13:07,MTI,TSOP1-48AM,2160
BB584,UTC1000S,RUNNING,P45ABHM01,2200,060EMAB003,AAB060EM2002A,21-11-13 10:29,21-11-12 08:00,WINBOND,FBGA60UEM2-1,7680
BB585,UTC1000S,RUNNING,P45AWEN01,2200,024MAAW023,AAW024MA6013C,21-11-12 16:14,21-11-12 13:26,MXIC,MINIBGA24A3L,3683
BB586,UTC1000S,IDLE,,,,AMS078EN1002A,,21-11-10 09:42,,,
BB587,UTC1000S,RUNNING,P45AWDC02,2200,052XYAW004,AAW052XY1002A,21-11-13 20:14,21-11-12 13:02,MXIC,STBGA52D4L,5689
BB588,UTC1000S,ENG,,,,AMS078C93001B,21-11-12 13:23,21-11-12 13:23,,,
BB589,UTC1000S,RUNNING,P45CDAR02,2200,054TNCD021,ACD054TN1001A,21-11-12 11:37,21-11-11 23:12,ETRON,TSOP2-54ME,2880
BB590,UTC1000S,RUNNING,P45ABAR01,2200,060NRAB016,AAB060NR1007A,21-11-13 03:41,21-11-12 13:11,WINBOND,VFBGA60B4L,5680
BB591,UTC1000S,IDLE,,,,AMS078EN1002A,,21-11-10 12:44,,,
BB592,UTC1000S,RUNNING,P45CDBT03,2200,066TNCD012,CD066TA1007A,21-11-12 19:39,21-11-11 21:55,ETRON,TSOP2-66ME,2880
BB593,UTC1000S,RUNNING,P45CDAR07,2200,054TNCD021,ACD054TN1001A,21-11-12 19:28,21-11-12 07:03,ETRON,TSOP2-54ME,2880
BB594,UTC1000S,RUNNING,P45CDAS06,2200,054TNCD021,ACD054TN1001A,21-11-12 23:09,21-11-12 10:44,ETRON,TSOP2-54ME,2880
BB595,UTC1000S,RUNNING,P45CDAS09,2200,054TNCD021,ACD054TN1001A,21-11-13 00:14,21-11-12 11:50,ETRON,TSOP2-54ME,2880
BB596,UTC1000S,RUNNING,P45AWDB03,2200,052XYAW004,AAW052XY1002A,21-11-13 03:25,21-11-11 20:04,MXIC,STBGA52D4L,5720
BB597,UTC1000S,RUNNING,P46MSBI05,2200,078U9MS017,AMS078C93001B,21-11-13 12:52,21-11-12 11:58,MTI,FBGA-78U9,6720
BB598,UTC1000S,IDLE,,,,AMS078EN1001A,,21-11-11 14:47,,,
BB599,UTC1000S,RUNNING,P45CDAR09,2200,054TNCD021,ACD054TN1001A,21-11-12 17:27,21-11-12 05:02,ETRON,TSOP2-54ME,2880
BB600,UTC1000S,RUNNING,P45AWC807,2200,064MRAW029,AAW064MR1009A,21-11-13 00:21,21-11-12 12:03,MXIC,MBGA64J4U,4000
BB601,UTC1000S,RUNNING,P45ABHQ02,2200,060EMAB003,AAB060EM2002A,21-11-13 06:45,21-11-12 03:44,WINBOND,FBGA60UEM2-1,7840
BB602,UTC1000S,RUNNING,P45ABAR06,2200,060NRAB016,AAB060NR1007A,21-11-13 03:10,21-11-12 12:29,WINBOND,VFBGA60B4L,5752
BB603,UTC1000S,IDLE,,,,AMS078EN1002A,,21-11-10 02:04,,,
BB604,UTC1000S,RUNNING,P45AWDC01,2200,052XYAW004,AAW052XY1002A,21-11-13 20:44,21-11-12 13:16,MXIC,STBGA52D4L,5740
BB605,UTC1000S,RUNNING,P46MSB307,2200,078U9MS017,AMS078C93001B,21-11-12 16:54,21-11-12 07:17,MTI,FBGA-78U9,2580
BB606,UTC1000S,RUNNING,P45MSD501,2200,048TWMS080,AMS048TW1065A,21-11-12 12:11,21-11-12 06:30,MTI,TSOP1-48AM,2160
BB607,UTC1000S,RUNNING,P46ABBA05,2200,096EFAB009,AAB096EF3001A,21-11-12 19:49,21-11-12 08:56,WINBOND,FBGA96UEF3-2,2440
BB608,UTC1000S,IDLE,,,,AMS078EN1001A,,21-11-12 09:19,,,
BB609,UTC1000S,RUNNING,P45AWDB05,2200,052XYAW004,AAW052XY1002A,21-11-13 17:01,21-11-12 09:39,MXIC,STBGA52D4L,5720
BB610,UTC1000S,RUNNING,P45MSD505,2200,048TWMS080,AMS048TW1065A,21-11-12 19:02,21-11-12 13:21,MTI,TSOP1-48AM,2160
BB611,UTC1000S,RUNNING,P45AWC810,2200,064MRAW029,AAW064MR1009A,21-11-12 16:28,21-11-12 04:17,MXIC,MBGA64J4U,3960
BB612,UTC1000S,RUNNING,P45ABHL01,2200,060EMAB003,AAB060EM2002A,21-11-13 05:28,21-11-12 02:34,WINBOND,FBGA60UEM2-1,7800
BB613,UTC1000S,RUNNING,P45ABKA06,2200,054TNAB029,AAB054TN1004A,21-11-12 12:29,21-11-12 02:38,WINBOND,TSOP2-54ME,2880
BB614,UTC1000S,RUNNING,P45AWC806,2200,064MRAW029,AAW064MR1009A,21-11-12 21:38,21-11-12 09:25,MXIC,MBGA64J4U,3974
BB615,UTC1000S,WAIT-SETUP,P45CDAR08,2200,054TNCD021,ACD054TN1001A,21-11-12 16:13:42,21-11-12 12:48,ETRON,TSOP2-54ME,2880
BB616,UTC1000S,IDLE,,,,AMS078EN1001A,,21-11-11 22:20,,,
BB617,UTC1000S,RUNNING,P45AWDB04,2200,052XYAW004,AAW052XY1002A,21-11-13 02:34,21-11-11 19:13,MXIC,STBGA52D4L,5720
BB618,UTC1000S,RUNNING,P45ABM206,2200,024MAAB026,AAB024MA5010A,21-11-12 13:27,21-11-12 07:54,WINBOND,MINIBGA24A2L,8623
BB619,UTC1000S,RUNNING,P43CSAB06,2200,054TSCS007,ACS054TS1008A,21-11-12 16:02,21-11-12 05:39,CYPRESS,TSOP2-54CME,2880
BB620,UTC1000S,RUNNING,P43BUB807,2200,054MFBU004,BU054MF1002A,21-11-12 17:11,21-11-12 04:10,ICSI,MINIBGA54A4,3928
BB621,UTC1000S,IDLE,,,,AMS078EN1002A,,21-11-10 05:18,,,
BB622,UTC1000S,RUNNING,P45ABAR04,2200,060NRAB016,AAB060NR1007A,21-11-12 18:05,21-11-12 03:25,WINBOND,VFBGA60B4L,5748
BB623,UTC1000S,RUNNING,P46MSAX01,2200,078U9MS017,AMS078C93001B,21-11-13 07:56,21-11-12 07:03,MTI,FBGA-78U9,6718
BB624,UTC1000S,RUNNING,P45BUCW05,2200,084UCBU006,ABU084CC2004B,21-11-12 23:15,21-11-12 07:26,ICSI,FBGA-84UC(2),5583
BB701,UTC2000,IDLE,,,,AMS078EN1001A,,21-11-12 08:20,,,
BB702,UTC2000,RUNNING,P45AWFK42,2200,048TPAW103,AAW048TP1008B,21-11-12 12:45,21-11-12 01:17,MXIC,TSOP1-48/M2,720
BB703,UTC2000,RUNNING,P45YZA401,2200,084UCYZ004,AYZ084CC2004A,21-11-12 12:28,21-11-11 17:01,ZJP,FBGA-84UC(2),5535
BB704,UTC2000,RUNNING,P45AWCZ21,2200,048TPAW086,AAW048TP1041B,21-11-12 21:21,21-11-12 10:50,MXIC,TSOP1-48/M2,720
BB705,UTC2000,RUNNING,P45AWF501,3200,024XJAW021,AAW024XJ6014A,21-11-12 14:20,21-11-12 04:15,MXIC,STBGA24A3L,4320
BB706,UTC2000,IDLE,,,,AMS078EN1001A,,21-11-11 10:11,,,
BB707,UTC2000,IDLE,,,,AMS078EN1001A,,21-11-11 08:31,,,
BB708,UTC2000,RUNNING,P46AWA215,2200,048TPAW103,AAW048TP1008B,21-11-12 19:32,21-11-12 08:05,MXIC,TSOP1-48/M2,720
BB709,UTC2000,RUNNING,P45ABGI10,2200,054TNAB041,AAB054TN1005A,21-11-12 22:29,21-11-12 12:52,WINBOND,TSOP2-54ME,2880
BB710,UTC2000,RUNNING,P45AWCX03,3200,024XJAW020,AAW024XJ6010B,21-11-12 18:58,21-11-12 10:29,MXIC,STBGA24A4L,2525
BB711,UTC2000,RUNNING,P46AWA211,2200,048TPAW103,AAW048TP1008B,21-11-12 17:23,21-11-12 05:55,MXIC,TSOP1-48/M2,720
BB712,UTC2000,RUNNING,P45LWAC01,2200,078U9LW014,ALW078C93002A,21-11-13 02:15,21-11-12 03:11,MTI-S,FBGA-78U9,6480
BB713,UTC2000,IDLE,,,,ABU096EF2001A,,21-11-12 03:31,,,
BB714,UTC2000,RUNNING,P45LWAD02,2200,078U9LW014,ALW078C93002A,21-11-13 09:44,21-11-12 10:58,MTI-S,FBGA-78U9,6399
BB715,UTC2000,RUNNING,P45AWCZ22,2200,048TPAW086,AAW048TP1041B,21-11-12 17:19,21-11-12 06:47,MXIC,TSOP1-48/M2,720
BB716,UTC2000,RUNNING,P45BUCG04,2200,096EABU001,ABU096EA1001A,21-11-12 13:35,21-11-12 02:25,ICSI,FBGA-96LEA,2620
BB717,UTC2000,RUNNING,P45BUCZ03,2200,078EABU001,ABU078EA1001A,21-11-12 21:19,21-11-12 12:08,ICSI,FBGA-78LEA,2639
BB718,UTC2000,IDLE,,,,ABU096EF2001A,,21-11-12 05:16,,,
BB719,UTC2000,RUNNING,P45AWE312,2200,048TPAW086,AAW048TP1041B,21-11-12 18:21,21-11-12 07:49,MXIC,TSOP1-48/M2,720
BB720,UTC2000,IDLE,,,,AMS078EN1001A,,21-11-11 06:42,,,
BB721,UTC2000,RUNNING,P46AWA204,2200,048TPAW103,AAW048TP1008B,21-11-12 17:11,21-11-12 05:43,MXIC,TSOP1-48/M2,720
BB722,UTC2000,IDLE,,,,AMS078EN1001A,,21-11-11 13:19,,,
BB723,UTC2000,WAIT-SETUP,,,,AAW024XJ6011B,,21-11-12 12:35,,,
BB724,UTC2000,RUNNING,P43VGC202,2200,056THVG006,ABU056TH2003A,21-11-12 16:26,21-11-12 06:31,ISSI-VG,TSOP1-56/56,2560
BB725,UTC2000,IDLE,,,,ABU096EF2001A,,21-11-11 22:32,,,
BB726,UTC2000,SETUP,,,,ANV132X2B023A,21-11-12 13:03,21-11-12 11:03,,,
BB727,UTC2000,IDLE,,,,AAW024XJ6014A,,21-11-12 09:24,,,
BB728,UTC2000,RUNNING,P45AWE330,2200,048TPAW086,AAW048TP1041B,21-11-12 23:34,21-11-12 13:02,MXIC,TSOP1-48/M2,720
BB729,UTC2000,IDLE,,,,AMS078EN1001A,,21-11-11 10:22,,,
BB730,UTC2000,IDLE,,,,ANV132X2C059A,,21-11-12 10:58,,,
BB731,UTC2000,RUNNING,P45OKC112,2200,048TVOK056,AOK048TV1029A,21-11-12 19:54,21-11-12 07:02,LAPIS,TSOP1-48A2,2560
BB732,UTC2000,WAIT-SETUP,P45AWDH29,2200,048TPAW086,AAW048TP1041B,21-11-12 16:13:35,21-11-12 12:11,MXIC,TSOP1-48/M2,720
BB733,UTC2000,IDLE,,,,ANV132X2C059A,,21-11-12 12:31,,,
BB734,UTC2000,RUNNING,P45LWAA01,2200,078U9LW014,ALW078C93002A,21-11-12 17:45,21-11-11 18:16,MTI-S,FBGA-78U9,6600
BB735,UTC2000,RUNNING,P45AWFB04,2200,024XJAW021,AAW024XJ6014A,21-11-12 17:02,21-11-12 08:32,MXIC,STBGA24A3L,3581
BB736,UTC2000,RUNNING,P45AWFK43,2200,048TPAW103,AAW048TP1008B,21-11-12 15:41,21-11-12 04:14,MXIC,TSOP1-48/M2,720
BB737,UTC2000,IDLE,,,,AMS078EP1001A,,21-11-11 09:05,,,
BB738,UTC2000,IDLE,,,,AMS078EN1001A,,21-11-11 16:32,,,
BB745,UTC2000,RUNNING,P45BUCG01,2200,096EABU001,ABU096EA1001A,21-11-12 10:54,21-11-11 23:39,ICSI,FBGA-96LEA,2635
BB746,UTC2000,WAIT-REPAIR,P45NVJ501,2200,153XTNV066,ANV153XT9005A,21-11-12 11:10:36,21-11-12 10:46,PHISON,STBGA153GEV,1098
BB747,UTC2000,RUNNING,P45ABGI13,2200,054TNAB041,AAB054TN1005A,21-11-12 19:06,21-11-12 09:29,WINBOND,TSOP2-54ME,2880
BB748,UTC2000,IDLE,,,,AMS078EN1001A,,21-11-12 10:01,,,
BB749,UTC2000,RUNNING,P45BUCY01,2200,078EABU001,ABU078EA1001A,21-11-12 19:16,21-11-12 10:04,ICSI,FBGA-78LEA,2640
BB750,UTC2000,IDLE,,,,AMS078EN1002A,,21-11-10 11:37,,,
BB751,UTC2000,RUNNING,P45AWD104,2200,016D5AW020,AAW016D53011A,21-11-12 14:45,21-11-11 21:53,MXIC,SSLGA16DOU,1279
BB752,UTC2000,IDLE,,,,AMS078EN1002A,,21-11-10 11:28,,,
BB753,UTC2000,RUNNING,P45ABDZ01,3600,024XJAB025,AAB024XJ6011A,21-11-12 06:27,21-11-12 05:25,WINBOND,STBGA24D6U,890
BB754,UTC2000,RUNNING,P45ABGF06,2200,054TNAB041,AAB054TN1005A,21-11-12 11:22,21-11-12 01:44,WINBOND,TSOP2-54ME,2880
BB755,UTC2000,RUNNING,P45AWEY01,2200,016D5AW021,AAW016D53019A,21-11-12 14:59,21-11-12 00:46,MXIC,SSLGA16DOU,1265
BB756,UTC2000,RUNNING,P45AWFK40,2200,048TPAW103,AAW048TP1008B,21-11-12 11:41,21-11-12 00:14,MXIC,TSOP1-48/M2,720
BB757,UTC2000,RUNNING,P45ABLY01,2200,024XJAB027,AAB024XJ6010A,21-11-12 10:30,21-11-12 08:07,WINBOND,STBGA24D6U,900
BB758,UTC2000,IDLE,,,,AMS078EN1002A,,21-11-10 10:22,,,
BB759,UTC2000,RUNNING,P45AWD103,2200,016D5AW020,AAW016D53011A,21-11-12 15:12,21-11-11 22:28,MXIC,SSLGA16DOU,1270
BB760,UTC2000,IDLE,,,,AMS078EN1002A,,21-11-10 10:39,,,
BB761,UTC2000,RUNNING,P45AWD117,2200,016D5AW020,AAW016D53011A,21-11-12 17:31,21-11-12 00:51,MXIC,SSLGA16DOU,1264
BB762,UTC2000,RUNNING,P45AWD115,2200,016D5AW020,AAW016D53011A,21-11-12 20:04,21-11-12 03:39,MXIC,SSLGA16DOU,1245
BB763,UTC2000,RUNNING,P45BUCS01,3200,078EABU005,ABU078EA3001A,21-11-12 15:01,21-11-12 10:03,ICSI,FBGAS-78LEA,318
BB764,UTC2000,RUNNING,P45AWFK47,2200,048TPAW103,AAW048TP1008B,21-11-12 15:14,21-11-12 03:47,MXIC,TSOP1-48/M2,720
BB765,UTC2000,IDLE,,,,AMS078EN1002A,,21-11-10 18:09,,,
BB766,UTC2000,RUNNING,P45AWDH33,2200,048TPAW086,AAW048TP1041B,21-11-12 16:27,21-11-12 05:55,MXIC,TSOP1-48/M2,720
BB767,UTC2000,WAIT-SETUP,,,,AAB096EL1002A,,21-11-12 11:14,,,
BB768,UTC2000,RUNNING,P45AWD116,2200,016D5AW020,AAW016D53011A,21-11-13 05:19,21-11-12 12:42,MXIC,SSLGA16DOU,1260
BB769,UTC2000,RUNNING,P45AWCV03,2200,024MAAW072,AAW024MA6041B,21-11-12 20:48,21-11-12 06:42,MXIC,MINIBGA24A3L,8593
BB770,UTC2000,RUNNING,P45AWCV04,2200,024MAAW072,AAW024MA6041B,21-11-12 20:24,21-11-12 06:21,MXIC,MINIBGA24A3L,8556
BB771,UTC2000,RUNNING,P45AWE332,2200,048TPAW086,AAW048TP1041B,21-11-12 23:24,21-11-12 12:52,MXIC,TSOP1-48/M2,720
BB772,UTC2000,RUNNING,P45ABGI03,2200,054TNAB041,AAB054TN1005A,21-11-12 15:43,21-11-12 06:06,WINBOND,TSOP2-54ME,2880
BB773,UTC2000,RUNNING,P45AWEY21,2200,016D5AW021,AAW016D53019A,21-11-12 15:45,21-11-12 01:38,MXIC,SSLGA16DOU,1256
BB774,UTC2000,RUNNING,P45AWEY16,2200,016D5AW021,AAW016D53019A,21-11-12 16:29,21-11-12 02:44,MXIC,SSLGA16DOU,1223
BB775,UTC2000,RUNNING,P45AWE314,2200,048TPAW086,AAW048TP1041B,21-11-12 22:13,21-11-12 11:41,MXIC,TSOP1-48/M2,720
BB776,UTC2000,RUNNING,P45ABGG07,2200,054TNAB041,AAB054TN1005A,21-11-12 14:01,21-11-12 04:24,WINBOND,TSOP2-54ME,2880
BB777,UTC2000,RUNNING,P45BUCZ01,2200,078EABU001,ABU078EA1001A,21-11-12 16:26,21-11-12 07:22,ICSI,FBGA-78LEA,2600
BB778,UTC2000,ENG,,,,ABU144C71001B,21-11-12 11:06,21-11-12 11:06,,,
BB779,UTC2000,IDLE,,,,ABU096EF2001A,,21-11-11 23:05,,,
BB780,UTC2000,RUNNING,P43VGC205,2200,056THVG006,ABU056TH2003A,21-11-12 17:09,21-11-12 07:14,ISSI-VG,TSOP1-56/56,2560
BB781,UTC2000,RUNNING,P45AWE408,2200,016D5AW011,AAW016D53004A,21-11-12 22:55,21-11-12 09:22,MXIC,SSLGA16DOU,1251
BB782,UTC2000,RUNNING,P45OKC106,2200,048TVOK056,AOK048TV1029A,21-11-12 18:43,21-11-12 05:51,LAPIS,TSOP1-48A2,2560
BB783,UTC2000,RUNNING,P45BUCZ04,2200,078EABU001,ABU078EA1001A,21-11-12 16:28,21-11-12 07:17,ICSI,FBGA-78LEA,2636
BB784,UTC2000,RUNNING,P45OKC103,2200,048TVOK056,AOK048TV1029A,21-11-12 19:14,21-11-12 06:23,LAPIS,TSOP1-48A2,2560
BB785,UTC2000,IDLE,,,,AMS078EN1002A,,21-11-10 14:26,,,
BB786,UTC2000,RUNNING,P45AWFK41,2200,048TPAW103,AAW048TP1008B,21-11-12 13:34,21-11-12 02:07,MXIC,TSOP1-48/M2,720
BB787,UTC2000,IDLE,,,,ABU096EF2001A,,21-11-12 13:28,,,
BB788,UTC2000,SETUP,,,,AOK048TV1029A,21-11-12 13:53,21-11-12 13:23,,,
BB789,UTC2000,WAIT-SETUP,,,,ALW132NY4039A,,21-11-12 11:18,,,
BB790,UTC2000,RUNNING,P43CSA801,2200,054TSCS007,ACS054TS1008A,21-11-12 21:49,21-11-12 12:31,CYPRESS,TSOP2-54CME,2880
BB791,UTC2000,RUNNING,P45AWDH32,2200,048TPAW086,AAW048TP1041B,21-11-12 13:19,21-11-12 02:47,MXIC,TSOP1-48/M2,720
BB801,MAXUM,RUNNING,P45ASAD01,2200,096EIAS005,AAS096EI2001A,21-11-12 19:03,21-11-12 12:00,EliteMT,FBGA-96UEJ,1056
BB802,MAXUM,RUNNING,P45YZA701,2200,066TSYZ002,AYZ066TS1001A,21-11-12 20:01,21-11-12 06:39,ZJP,TSOP2-66CME,2880
BB803,MAXUM,ENG,,,,ANI010YK3001A,21-11-12 05:45,21-11-12 05:45,,,
BB804,MAXUM,RUNNING,P45ASBN07,2200,096ELAS001,AAS096EL1002A,21-11-12 22:52,21-11-12 05:40,EliteMT,FBGA-96UEL-3,2960
BB805,MAXUM,ENG,,,,ANI010YK3001A,21-11-05 18:36,21-11-05 18:36,,,
BB806,MAXUM,IDLE,,,,ANV169XN8001A,,21-11-12 07:13,,,
BB807,MAXUM,IN-REPAIR,P45ASBC02,2200,048MAAS007,AAS048MAB002A,21-11-12 14:55:52,21-11-12 13:23,EliteMT,MINIBGA48J3U,4267
BB808,MAXUM,RUNNING,P45NVJE06,3400,169XNNV011,ANV169XN8001A,21-11-12 11:16,21-11-11 06:37,PHISON,STBGA169D4U,1550
BB809,MAXUM,IDLE,,,,AAB008Y62010A,,21-11-12 06:02,,,
BB810,MAXUM,RUNNING,P45ABLA03,2200,008YBAB011,AAB008YB2005A,21-11-12 15:48,21-11-12 10:15,WINBOND,DFN-08YB2G,6240
BB811,MAXUM,ENG,,,,AAS008YQ2042A,21-11-09 20:08,21-11-09 20:08,,,
BB812,MAXUM,RUNNING,P44ASB211,2200,008YQAS048,AAS008YQ2045A,21-11-12 18:57,21-11-12 13:15,EliteMT,DFN-08YQ2A,4320
BB813,MAXUM,RUNNING,P46AWAF01,2200,008YMAW017,AAW008YM1012A,21-11-12 20:17,21-11-12 04:38,MXIC,DFN-08YM2D,16000
BB814,MAXUM,RUNNING,P45VGCK09,2200,008YMVG008,ABU008YM2008A,21-11-12 23:02,21-11-12 09:36,ISSI-VG,DFN-08YM2D,16000
BB815,MAXUM,PM,P45VGCK04,2200,008YMVG008,ABU008YM2008A,21-11-12 23:19,21-11-12 13:19,ISSI-VG,DFN-08YM2D,16000
BB816,MAXUM,IDLE,,,,ANV169XN8001A,,21-11-12 08:42,,,
BB817,MAXUM,IDLE,,,,ANV169XN8001A,,21-11-12 10:50,,,
BB818,MAXUM,RUNNING,P45ASBN02,2200,096ELAS001,AAS096EL1002A,21-11-12 12:27,21-11-11 19:10,EliteMT,FBGA-96UEL-3,2972
BB819,MAXUM,RUNNING,P44ASC305,2200,008YQAS048,AAS008YQ2045A,21-11-12 18:22,21-11-12 12:40,EliteMT,DFN-08YQ2A,4320
BB821,MAXUM,RUNNING,P45NVJE04,3400,169XNNV011,ANV169XN8001A,21-11-12 12:14,21-11-11 07:02,PHISON,STBGA169D4U,1580
BB822,MAXUM,SETUP,,,,AAS048MAB008A,21-11-12 13:28,21-11-12 13:28,,,
BB823,MAXUM,RUNNING,P45YZA703,2200,066TSYZ002,AYZ066TS1001A,21-11-12 21:34,21-11-12 08:12,ZJP,TSOP2-66CME,2880
BB824,MAXUM,RUNNING,P45ASBB02,2200,048MAAS007,AAS048MAB002A,21-11-12 14:17,21-11-10 23:05,EliteMT,MINIBGA48J3U,12179
BB825,MAXUM,RUNNING,P44ASB113,2200,008YQAS048,AAS008YQ2045A,21-11-12 14:03,21-11-12 08:21,EliteMT,DFN-08YQ2A,4320
BB826,MAXUM,RUNNING,P46MSB405,2200,078U9MS017,AMS078C93001B,21-11-13 04:14,21-11-12 04:52,MTI,FBGA-78U9,6720
BB827,MAXUM,RUNNING,P44ASB110,2200,008YQAS048,AAS008YQ2045A,21-11-12 15:06,21-11-12 09:23,EliteMT,DFN-08YQ2A,4320
BB828,MAXUM,ENG,,,,AMS078EP1001A,21-11-11 23:12,21-11-11 23:12,,,
BB831,MAXUM,IN-REPAIR,P46MSB501,2200,078U9MS017,AMS078C93001B,21-11-13 04:16:48,21-11-12 13:22,MTI,FBGA-78U9,6680
BB832,MAXUM,WAIT-SETUP,,,,AAS084CC2015B,,21-11-12 12:37,,,
BB833,MAXUM,QC,P45ASBB01,2200,048MAAS007,AAS048MAB002A,,,EliteMT,MINIBGA48J3U,12176
BB834,MAXUM,WAIT-SETUP,,,,AAS084CC2015B,,21-11-12 12:36,,,
BB835,MAXUM,RUNNING,P44NIJM08,2200,010YKNI037,ANI010YK3001A,21-11-12 03:08,21-11-11 18:52,DIALOG,QFN-10YK2A,11496
BB836,MAXUM,IDLE,,,,AAB008YM2025A,,21-11-11 20:43,,,
BB837,MAXUM,RUNNING,P44NVHB17,3400,169XNNV011,ANV169XN8001A,21-11-12 06:58,21-11-11 00:39,PHISON,STBGA169D4U,1640
BB838,MAXUM,RUNNING,P45ASAB09,2200,096EIAS005,AAS096EI2001A,21-11-13 02:23,21-11-12 07:09,EliteMT,FBGA-96UEJ,2905
BB839,MAXUM,WAIT-REPAIR,P44ASB108,2200,008YQAS048,AAS008YQ2045A,21-11-12 15:02:36,21-11-12 13:06,EliteMT,DFN-08YQ2A,4320
BB840,MAXUM,RUNNING,P46AWB105,2200,008Y6AW039,AAW008Y62017A,21-11-12 19:52,21-11-12 11:55,MXIC,DFN-08Y62D,8320
BB841,MAXUM,RUNNING,P45ASBM06,2200,096ELAS001,AAS096EL1002A,21-11-12 12:42,21-11-11 19:44,EliteMT,FBGA-96UEL-3,2918
BB842,MAXUM,RUNNING,P45ASBB03,2200,048MAAS007,AAS048MAB002A,21-11-12 19:29,21-11-11 15:54,EliteMT,MINIBGA48J3U,8566
BB843,MAXUM,IDLE,,,,ANV169XN8001A,,21-11-12 06:55,,,
BB844,MAXUM,RUNNING,P44ASC301,2200,008YQAS048,AAS008YQ2045A,21-11-12 18:33,21-11-12 12:51,EliteMT,DFN-08YQ2A,4320
BB845,MAXUM,PM,,,,AAB008Y62010A,21-11-12 17:06,21-11-12 13:06,,,
BB846,MAXUM,IDLE,,,,ANV169XN8001A,,21-11-12 09:28,,,
BB847,MAXUM,RUNNING,P46ABAB15,2200,008Y6AB034,AAB008Y62010A,21-11-12 18:44,21-11-12 11:07,WINBOND,DFN-08Y62D,8320
BB848,MAXUM,RUNNING,P45ABGK28,2200,008YQAB046,AAB008YQ2026A,21-11-12 15:53,21-11-12 11:11,WINBOND,STDFN-08YQ2A,2160
BB849,MAXUM,RUNNING,P45ASBN03,2200,096ELAS001,AAS096EL1002A,21-11-12 13:38,21-11-11 20:11,EliteMT,FBGA-96UEL-3,3000
BB850,MAXUM,RUNNING,P45NVJE07,3400,169XNNV011,ANV169XN8001A,21-11-12 05:26,21-11-11 00:47,PHISON,STBGA169D4U,1550
BB851,MAXUM,RUNNING,P44ASB111,2200,008YQAS048,AAS008YQ2045A,21-11-12 15:14,21-11-12 09:32,EliteMT,DFN-08YQ2A,4320
BB852,MAXUM,RUNNING,P44ASB116,2200,008YQAS048,AAS008YQ2045A,21-11-12 17:57,21-11-12 12:14,EliteMT,DFN-08YQ2A,4320
BB853,MAXUM,RUNNING,P46AWAI05,2200,008YMAW020,AAW008YM2004A,21-11-12 21:26,21-11-12 09:02,MXIC,DFN-08YM2D,16000
BB854,MAXUM,WAIT-SETUP,,,,ABU008YQ2002A,,21-11-12 10:05,,,
BB855,MAXUM,RUNNING,P46ABAB11,2200,008Y6AB034,AAB008Y62010A,21-11-12 14:53,21-11-12 07:15,WINBOND,DFN-08Y62D,8320
BB856,MAXUM,RUNNING,P45ASBM05,2200,096ELAS001,AAS096EL1002A,21-11-12 21:00,21-11-12 03:59,EliteMT,FBGA-96UEL-3,2925
BB857,MAXUM,RUNNING,P45YZA704,2200,066TSYZ002,AYZ066TS1001A,21-11-12 21:16,21-11-12 07:54,ZJP,TSOP2-66CME,2880
BB858,MAXUM,RUNNING,P44ASB115,2200,008YQAS048,AAS008YQ2045A,21-11-12 16:30,21-11-12 10:48,EliteMT,DFN-08YQ2A,4320
BB859,MAXUM,IDLE,,,,AMS096EC3001B,,21-11-12 05:20,,,
BB860,MAXUM,RUNNING,P45ABHZ02,3200,008YQAB020,AAB008YQ2005A,21-11-12 18:01,21-11-12 13:08,WINBOND,STDFN-08YQ2A,4320
BB861,MAXUM,IDLE,,,,AAB008YM2025A,,21-11-11 16:21,,,
BB862,MAXUM,IDLE,,,,ANV169XN8001A,,21-11-12 06:51,,,
BB863,MAXUM,RUNNING,P45NVJE13,3400,169XNNV011,ANV169XN8001A,21-11-13 04:31,21-11-10 15:39,PHISON,STBGA169D4U,1630
BB864,MAXUM,SETUP,P44ASB210,2200,008YQAS048,AAS008YQ2045A,21-11-12 13:49,21-11-12 13:19,EliteMT,DFN-08YQ2A,4320
BB865,MAXUM,RUNNING,P45NVJE14,3400,169XNNV011,ANV169XN8001A,21-11-12 10:33,21-11-10 18:32,PHISON,STBGA169D4U,2167
BB866,MAXUM,RUNNING,P46ABA608,2200,008YMAB051,AAB008YM2019A,21-11-12 19:50,21-11-12 07:26,WINBOND,DFN-08YM2D,16000
BB867,MAXUM,RUNNING,P44NIJQ10,2200,010YKNI037,ANI010YK3001A,21-11-12 14:11,21-11-12 05:56,DIALOG,QFN-10YK2A,11481
BB868,MAXUM,RUNNING,P46AWAF02,2200,008YMAW017,AAW008YM1012A,21-11-12 20:50,21-11-12 05:12,MXIC,DFN-08YM2D,16000
BB869,MAXUM,RUNNING,P46ABAC08,2200,008Y6AB034,AAB008Y62010A,21-11-12 19:00,21-11-12 11:23,WINBOND,DFN-08Y62D,8320
BB870,MAXUM,RUNNING,P45ABGK20,2200,008YQAB046,AAB008YQ2026A,21-11-12 14:48,21-11-12 10:06,WINBOND,STDFN-08YQ2A,2160
BB871,MAXUM,RUNNING,P45YZA201,2200,066TSYZ002,AYZ066TS1001A,21-11-12 22:40,21-11-12 09:18,ZJP,TSOP2-66CME,2880
BB872,MAXUM,RUNNING,P45VGC502,2200,008YQVG007,ABU008YQ2003A,21-11-12 14:06,21-11-12 11:11,ISSI-VG,DFN-08YQ2A,2160
BB873,MAXUM,RUNNING,P45VGCA09,2200,008YDVG006,ABU008YD2004A,21-11-12 17:36,21-11-12 09:32,ISSI-VG,DFN-08YD2A,7040
BB874,MAXUM,RUNNING,P45AWEF17,2200,008YMAW020,AAW008YM2004A,21-11-12 15:52,21-11-12 03:28,MXIC,DFN-08YM2D,16000
BB875,MAXUM,RUNNING,P46ABAC11,2200,008Y6AB034,AAB008Y62010A,21-11-12 20:55,21-11-12 13:17,WINBOND,DFN-08Y62D,8320
BB876,MAXUM,ENG,,,,ANI008YK3002A,21-11-03 06:13,21-11-03 06:13,,,
BB877,MAXUM,IDLE,,,,AAS048MAB001A,,21-11-12 12:37,,,
BB878,MAXUM,IDLE,,,,ABU008YQ2018A,,21-11-12 06:52,,,
BB879,MAXUM,RUNNING,P45YZA705,2200,066TSYZ002,AYZ066TS1001A,21-11-12 21:46,21-11-12 08:24,ZJP,TSOP2-66CME,2880
BB880,MAXUM,IDLE,,,,AAB008YM2025A,,21-11-11 18:41,,,
BB881,MAXUM,RUNNING,P45ASBM08,2200,096ELAS001,AAS096EL1002A,21-11-13 04:46,21-11-12 11:40,EliteMT,FBGA-96UEL-3,2940
BB882,MAXUM,RUNNING,P45ASBC01,2200,048MAAS007,AAS048MAB002A,21-11-13 08:28,21-11-11 17:36,EliteMT,MINIBGA48J3U,12073
BB883,MAXUM,RUNNING,P45NVJE05,3400,169XNNV011,ANV169XN8001A,21-11-13 01:13,21-11-11 06:39,PHISON,STBGA169D4U,1577
BB884,MAXUM,WAIT-REPAIR,P45ASA303,2200,008YQAS034,AAS008YQ2013A,21-11-12 21:17:25,21-11-12 13:27,EliteMT,DFN-08YQ2AW,6160
BB885,MAXUM,IN-REPAIR,,,,AAS096EL1009B,,21-11-06 06:33,,,
BB886,MAXUM,RUNNING,P45ASBN04,2200,096ELAS001,AAS096EL1002A,21-11-12 19:25,21-11-12 01:58,EliteMT,FBGA-96UEL-3,3000
BB887,MAXUM,RUNNING,P46AWAI09,2200,008YMAW020,AAW008YM2004A,21-11-12 19:00,21-11-12 06:36,MXIC,DFN-08YM2D,16000
BB888,MAXUM,RUNNING,P45ASA311,2200,008YQAS034,AAS008YQ2013A,21-11-12 20:40,21-11-12 12:47,EliteMT,DFN-08YQ2AW,6160
BB889,MAXUM,RUNNING,P45ASBM07,2200,096ELAS001,AAS096EL1002A,21-11-12 22:47,21-11-12 05:41,EliteMT,FBGA-96UEL-3,2940
BB890,MAXUM,RUNNING,P46ABBB02,2200,008YMAB047,AAB008YM2025A,21-11-13 02:57,21-11-12 11:48,WINBOND,DFN-08YM2D,16000
BB891,MAXUM,RUNNING,P45YZA605,2200,066TSYZ002,AYZ066TS1001A,21-11-12 23:46,21-11-12 10:24,ZJP,TSOP2-66CME,2880
BB892,MAXUM,IDLE,,,,AAB008YQ2039B,,21-11-12 06:40,,,
BB893,MAXUM,RUNNING,P45YZA601,2200,066TSYZ002,AYZ066TS1001A,21-11-13 02:43,21-11-12 13:21,ZJP,TSOP2-66CME,2880
BB894,MAXUM,IDLE,,,,ANI010YK3001A,,21-11-12 07:57,,,
BB895,MAXUM,IDLE,,,,ANV169XN8001A,,21-11-12 11:38,,,
BB896,MAXUM,IDLE,,,,ANI010YK3001A,,21-11-12 09:46,,,
BB897,MAXUM,IDLE,,,,AAB008YQ2039B,,21-11-12 08:21,,,
BB898,MAXUM,IDLE,,,,ANV169XN8001A,,21-11-12 05:19,,,
BB899,MAXUM,RUNNING,P45NVJE11,3400,169XNNV011,ANV169XN8001A,21-11-13 03:16,21-11-11 21:09,PHISON,STBGA169D4U,1630
BB900,MAXUM,RUNNING,P45ABGK21,2200,008YQAB046,AAB008YQ2026A,21-11-12 14:08,21-11-12 09:27,WINBOND,STDFN-08YQ2A,2160
BB901,MAXUM,IDLE,,,,AAB008YM2025A,,21-11-11 18:18,,,
BB902,MAXUM,WAIT-SETUP,,,,ANV0086A1070A,,21-11-12 10:35,,,
BB903,MAXUM,IDLE,,,,AAB008YM2025A,,21-11-11 18:53,,,
BB904,MAXUM,IDLE,,,,AAB008YQ2039B,,21-11-12 10:12,,,
BB905,MAXUM,RUNNING,P45ABGL03,2200,008YQAB046,AAB008YQ2026A,21-11-12 16:49,21-11-12 12:07,WINBOND,STDFN-08YQ2A,2160
BB906,MAXUM,RUNNING,P45ABGL02,2200,008YQAB046,AAB008YQ2026A,21-11-12 17:36,21-11-12 12:54,WINBOND,STDFN-08YQ2A,2160
BB907,MAXUM,SETUP,,,,AAS048MAB001A,21-11-12 12:56,21-11-12 12:56,,,
BB908,MAXUM,RUNNING,P46MSBE05,2200,078U9MS017,AMS078C93001B,21-11-13 04:36,21-11-12 05:23,MTI,FBGA-78U9,6677
BB909,MAXUM,RUNNING,P45ABKR02,2200,008YQAB085,AAB008YQ2045A,21-11-12 20:06,21-11-12 10:09,WINBOND,STDFN-08YQ2A,4320
BB910,MAXUM,RUNNING,P45NVJE03,3400,169XNNV011,ANV169XN8001A,21-11-12 10:49,21-11-11 05:37,PHISON,STBGA169D4U,1580
BB911,MAXUM,RUNNING,P45AWEG17,2200,008YMAW020,AAW008YM2004A,21-11-12 13:17,21-11-12 00:53,MXIC,DFN-08YM2D,16000
BB912,MAXUM,RUNNING,P45ABKM07,2200,008YQAB085,AAB008YQ2045A,21-11-12 11:53,21-11-12 01:56,WINBOND,STDFN-08YQ2A,4320
BB913,MAXUM,IDLE,,,,AAB008YM2025A,,21-11-11 19:12,,,
BB914,MAXUM,RUNNING,P46ABAC07,2200,008Y6AB034,AAB008Y62010A,21-11-12 19:25,21-11-12 11:47,WINBOND,DFN-08Y62D,8320
BB915,MAXUM,RUNNING,P45ABKR05,2200,008YQAB085,AAB008YQ2045A,21-11-12 19:40,21-11-12 09:43,WINBOND,STDFN-08YQ2A,4320
BB916,MAXUM,RUNNING,P45ABGK22,2200,008YQAB046,AAB008YQ2026A,21-11-12 14:47,21-11-12 10:05,WINBOND,STDFN-08YQ2A,2160
BB917,MAXUM,ENG,,,,AMS078EP1001A,21-11-12 00:49,21-11-12 00:49,,,
BB918,MAXUM,RUNNING,P45ABKR07,2200,008YQAB085,AAB008YQ2045A,21-11-12 20:33,21-11-12 10:36,WINBOND,STDFN-08YQ2A,4320
BB919,MAXUM,IDLE,,,,AAB008YM2025A,,21-11-12 05:53,,,
BB920,MAXUM,RUNNING,P45ASBN05,2200,096ELAS001,AAS096EL1002A,21-11-13 01:47,21-11-12 08:48,EliteMT,FBGA-96UEL-3,2919
BB921,MAXUM,ENG,,,,AAS066TS1009A,21-11-09 14:06,21-11-09 14:06,,,
BB922,MAXUM,WAIT-REPAIR,P46MSBM04,2200,078U9MS017,AMS078C93001B,21-11-13 11:29:50,21-11-12 13:28,MTI,FBGA-78U9,6693
BB923,MAXUM,IDLE,,,,AAB008YQ2039B,,21-11-12 05:05,,,
BB924,MAXUM,RUNNING,P44NVHB06,3400,169XNNV011,ANV169XN8001A,21-11-11 22:13,21-11-10 17:12,PHISON,STBGA169D4U,1570
BB925,MAXUM,RUNNING,P46MSB302,2200,078U9MS017,AMS078C93001B,21-11-13 00:22,21-11-12 01:08,MTI,FBGA-78U9,6680
BB926,MAXUM,IN-REPAIR,P46MSB404,2200,078U9MS017,AMS078C93001B,21-11-12 23:28:08,21-11-12 08:20,MTI,FBGA-78U9,6708
BB929,MAXUM,IDLE,,,,AAB008YM2025A,,21-11-11 16:56,,,
BB930,MAXUM,WAIT-SETUP,,,,AAS008YQ2013A,,21-11-12 09:58,,,
BB931,MAXUM,RUNNING,P46ABBB01,2200,008YMAB047,AAB008YM2025A,21-11-12 20:31,21-11-12 05:21,WINBOND,DFN-08YM2D,16000
BB932,MAXUM,RUNNING,P45VGCK05,2200,008YMVG008,ABU008YM2008A,21-11-12 22:57,21-11-12 09:32,ISSI-VG,DFN-08YM2D,16000
BB933,MAXUM,RUNNING,P44NVHB09,3400,169XNNV011,ANV169XN8001A,21-11-13 00:25,21-11-10 18:36,PHISON,STBGA169D4U,1610
BB938,MAXUM,RUNNING,P45VGCK08,2200,008YMVG008,ABU008YM2008A,21-11-12 18:10,21-11-12 04:45,ISSI-VG,DFN-08YM2D,16000
BBA01,ICONN,RUNNING,P45AWBT36,2200,162KEAW001,AAW162KE1002A,21-11-12 14:26,21-11-12 00:24,MXIC,STBGA162BAU,1622
BBA02,ICONN,RUNNING,P45AWBT42,2200,162KEAW001,AAW162KE1002A,21-11-13 01:30,21-11-12 04:36,MXIC,STBGA162BAU,2419
BBA03,ICONN,WAIT-SETUP,,,,ANV153XT8008A,,21-11-12 10:03,,,
BBA04,ICONN,RUNNING,P45AWBT37,2200,162KEAW001,AAW162KE1002A,21-11-12 14:06,21-11-12 00:15,MXIC,STBGA162BAU,1600
BBA05,ICONN,RUNNING,P46NIAD02,2200,020YUNI024,ANI020YU1005C,21-11-13 12:20,21-11-12 13:07,DIALOG,QFN-20YU2D,16920
BBA06,ICONN,RUNNING,P46NIA301,2200,020YUNI024,ANI020YU1005C,21-11-12 16:09,21-11-11 16:56,DIALOG,QFN-20YU2D,16920
BBA07,ICONN,IN-REPAIR,,,,AAW162KE1002A,,21-11-08 07:35,,,
BBA08,ICONN,ENG,,,,ANV132X2B006A,21-11-12 06:26,21-11-12 06:26,,,
BBA09,ICONN,IDLE,,,,AAW162KE1002A,,21-11-12 13:01,,,
BBA10,ICONN,RUNNING,P80CMTX01,2200,020YUCM006ENG,ANI020YU1002B,21-11-12 12:15,21-11-11 11:48,ENG,QFN-20YU2D,15224
BBA11,ICONN,RUNNING,P45AWBT35,2200,162KEAW001,AAW162KE1002A,21-11-12 10:47,21-11-11 20:48,MXIC,STBGA162BAU,1616
BBA12,ICONN,ENG,,,,ABU008YD2010A,21-11-12 11:09,21-11-12 11:09,,,
BBA13,ICONN,WAIT-SETUP,,,,ANI020YU1005C,,21-11-12 12:41,,,
BBA14,ICONN,RUNNING,P45NVJN01,2200,153XTNV064,ANV153XT8006A,21-11-12 15:30,21-11-11 23:41,PHISON,STBGA153HEV,1104
BBA15,ICONN,RUNNING,P46NIA302,2200,020YUNI024,ANI020YU1005C,21-11-12 13:22,21-11-12 11:48,DIALOG,QFN-20YU2D,1073
BBA16,ICONN,IDLE,,,,AHQ0225N1001A,,21-11-12 10:03,,,
BBA17,ICONN,RUNNING,P45AWBT41,2200,162KEAW001,AAW162KE1002A,21-11-12 12:00,21-11-11 22:16,MXIC,STBGA162BAU,1586
BBA18,ICONN,IDLE,,,,AHQ0225N1001A,,21-11-12 05:25,,,
BBA19,ICONN,RUNNING,P45AWBT38,2200,162KEAW001,AAW162KE1002A,21-11-12 10:01,21-11-11 20:04,MXIC,STBGA162BAU,1610
BBA20,ICONN,RUNNING,P80CMTY01,2200,020YUCM006ENG,ANI020YU1002B,21-11-12 15:01,21-11-11 11:53,ENG,QFN-20YU2D,16912
BBA22,ICONN,RUNNING,P45ASBF14,2200,096ELAS001,AAS096EL1002A,21-11-12 07:37,21-11-11 14:34,EliteMT,FBGA-96UEL-3,2980
BBA23,ICONN,ENG,,,,AAS096EL4005A,21-11-12 08:19,21-11-12 08:19,,,
BBA24,ICONN,WAIT-SETUP,,,,ANI020YU1005C,,21-11-12 12:45,,,
BBA25,ICONN,RUNNING,P46NIA502,2200,020YUNI024,ANI020YU1005C,21-11-13 09:28,21-11-12 10:15,DIALOG,QFN-20YU2D,16920
BBA26,ICONN,IDLE,,,,AAS096EL1001A,,21-11-12 05:28,,,
BBA27,ICONN,IDLE,,,,AHQ0225N1001A,,21-11-12 09:04,,,
BBA28,ICONN,RUNNING,P46NIA501,2200,020YUNI024,ANI020YU1005C,21-11-13 10:06,21-11-12 10:53,DIALOG,QFN-20YU2D,16920
BBA29,ICONN,IDLE,,,,AHQ0282L3003A,,21-11-12 09:08,,,
BBA30,ICONN,IDLE,,,,AAW162KE1002A,,21-11-12 09:54,,,
BBA31,ICONN,RUNNING,P45AWBT40,2200,162KEAW001,AAW162KE1002A,21-11-12 11:36,21-11-11 21:36,MXIC,STBGA162BAU,1616
BBB01,UTC2000,IDLE,,,,AMS078EN1001A,,21-11-11 19:53,,,
BBB02,UTC2000,RUNNING,P45LWAB01,2200,078U9LW014,ALW078C93002A,21-11-12 08:33,21-11-11 09:04,MTI-S,FBGA-78U9,6600
BBB03,UTC2000,RUNNING,P46AWA205,2200,048TPAW103,AAW048TP1008B,21-11-12 16:05,21-11-12 04:38,MXIC,TSOP1-48/M2,720
BBB04,UTC2000,RUNNING,P45ABGG12,2200,054TNAB041,AAB054TN1005A,21-11-12 14:20,21-11-12 04:43,WINBOND,TSOP2-54ME,2880
BBB05,UTC2000,RUNNING,P45AWDH20,2200,048TPAW086,AAW048TP1041B,21-11-12 12:06,21-11-12 01:34,MXIC,TSOP1-48/M2,720
BBB06,UTC2000,RUNNING,P46BUA801,2200,096EFBU001,ABU096EF2001A,21-11-12 12:00,21-11-11 18:35,ICSI,FBGA-96UEF,4920
BBB07,UTC2000,RUNNING,P43CSA803,2200,054TSCS007,ACS054TS1008A,21-11-12 22:16,21-11-12 12:57,CYPRESS,TSOP2-54CME,2880
BBB08,UTC2000,RUNNING,P45OKC101,2200,048TVOK056,AOK048TV1029A,21-11-12 23:05,21-11-12 10:14,LAPIS,TSOP1-48A2,2560
BBB09,UTC2000,RUNNING,P45ABGI02,2200,054TNAB041,AAB054TN1005A,21-11-12 18:07,21-11-12 08:30,WINBOND,TSOP2-54ME,2880
BBB10,UTC2000,IDLE,,,,AMS078EN1001A,,21-11-11 18:57,,,
BBB11,UTC2000,IDLE,,,,ABU096EF2001A,,21-11-12 13:06,,,
BBB12,UTC2000,RUNNING,P45AWFK45,2200,048TPAW103,AAW048TP1008B,21-11-12 14:57,21-11-12 03:30,MXIC,TSOP1-48/M2,720
BBB13,UTC2000,RUNNING,P46AWA217,2200,048TPAW103,AAW048TP1008B,21-11-12 20:47,21-11-12 09:20,MXIC,TSOP1-48/M2,720
BBB14,UTC2000,RUNNING,P45BUCY02,2200,078EABU001,ABU078EA1001A,21-11-12 19:24,21-11-12 10:12,ICSI,FBGA-78LEA,2640
BBB15,UTC2000,RUNNING,P45AWDL35,2200,048TPAW086,AAW048TP1041B,21-11-12 19:54,21-11-11 14:23,MXIC,TSOP1-48/M2,720
BBB16,UTC2000,IDLE,,,,AMS078EN1001A,,21-11-12 00:14,,,
BBB17,UTC2000,RUNNING,P45ABKD01,2200,024XJAB013,AAB024XJ6005A,21-11-12 15:04,21-11-12 03:29,WINBOND,STBGA24A2L,8560
BBB18,UTC2000,RUNNING,P46AWA209,2200,048TPAW103,AAW048TP1008B,21-11-12 17:40,21-11-12 06:13,MXIC,TSOP1-48/M2,720
BBB19,UTC2000,WAIT-SETUP,P45AWDH05,2200,048TPAW086,AAW048TP1041B,21-11-12 20:30:06,21-11-12 13:23,MXIC,TSOP1-48/M2,720
BBB20,UTC2000,RUNNING,P46AWA218,2200,048TPAW103,AAW048TP1008B,21-11-12 23:07,21-11-12 11:40,MXIC,TSOP1-48/M2,720
BBB21,UTC2000,IDLE,,,,ANV132X2C059A,,21-11-12 06:38,,,
BBB22,UTC2000,WAIT-SETUP,P45AWDH06,2200,048TPAW086,AAW048TP1041B,21-11-12 19:09:47,21-11-12 13:18,MXIC,TSOP1-48/M2,720
BBB23,UTC2000,RUNNING,P45AWDH10,2200,048TPAW086,AAW048TP1041B,21-11-12 20:34,21-11-12 10:02,MXIC,TSOP1-48/M2,720
BBB24,UTC2000,RUNNING,P45AWE339,2200,048TPAW086,AAW048TP1041B,21-11-12 23:52,21-11-12 13:20,MXIC,TSOP1-48/M2,720
BBB25,UTC2000,RUNNING,P45AWEY09,2200,016D5AW021,AAW016D53019A,21-11-12 18:52,21-11-12 05:09,MXIC,SSLGA16DOU,1220
BBB26,UTC2000,RUNNING,P46AWA220,2200,048TPAW103,AAW048TP1008B,21-11-12 22:24,21-11-12 10:57,MXIC,TSOP1-48/M2,720
BBB27,UTC2000,RUNNING,P45AWDH39,2200,048TPAW086,AAW048TP1041B,21-11-12 16:15,21-11-12 05:43,MXIC,TSOP1-48/M2,720
BBB28,UTC2000,RUNNING,P46AWA212,2200,048TPAW103,AAW048TP1008B,21-11-12 18:19,21-11-12 06:52,MXIC,TSOP1-48/M2,720
BBB29,UTC2000,RUNNING,P44VGA601,2200,048TPVG013,ABU048TP2007A,21-11-12 21:29,21-11-12 10:49,ISSI-VG,TSOP1-48/48M,2160
BBB30,UTC2000,RUNNING,P45CDBE01,2200,084UCCD009,ACD084CC2004B,21-11-12 21:39,21-11-12 07:22,ETRON,FBGA-84UC(2),5363
BBB31,UTC2000,RUNNING,P45ABGI12,2200,054TNAB041,AAB054TN1005A,21-11-12 21:36,21-11-12 11:59,WINBOND,TSOP2-54ME,2880
BBB32,UTC2000,RUNNING,P45ABGG02,2200,054TNAB041,AAB054TN1005A,21-11-12 17:53,21-11-12 08:16,WINBOND,TSOP2-54ME,2880
BBB33,UTC2000,RUNNING,P45AWFK46,2200,048TPAW103,AAW048TP1008B,21-11-12 14:10,21-11-12 02:43,MXIC,TSOP1-48/M2,720
BBB34,UTC2000,IN-REPAIR,P45AWFB01,2200,024XJAW021,AAW024XJ6014A,21-11-12 17:25:17,21-11-12 13:21,MXIC,STBGA24A3L,4320
BBB35,UTC2000,IDLE,,,,AMS078EP1001A,,21-11-10 01:23,,,
BBB36,UTC2000,IN-REPAIR,P46AWA214,2200,048TPAW103,AAW048TP1008B,21-11-12 18:24:12,21-11-12 13:21,MXIC,TSOP1-48/M2,720
BBC01,MAXUM-PLUS,IDLE,,,,AMS078EN1002A,,21-11-10 01:13,,,
BBC02,MAXUM-PLUS,IDLE,,,,AMS078EN1002A,,21-11-09 17:36,,,
BBC03,MAXUM-PLUS,IDLE,,,,AMS078EN1002A,,21-11-09 17:39,,,
BBC04,MAXUM-PLUS,IDLE,,,,AMS078EN1002A,,21-11-09 23:35,,,
BBC05,MAXUM-PLUS,IDLE,,,,AMS078EN1002A,,21-11-09 21:05,,,
BBC06,MAXUM-PLUS,IDLE,,,,AMS078EN1002A,,21-11-09 21:44,,,
BBC07,MAXUM-PLUS,IDLE,,,,AMS078EN1002A,,21-11-10 04:10,,,
BBC08,MAXUM-PLUS,IDLE,,,,AMS078EN1002A,,21-11-09 21:17,,,
BBC09,MAXUM-PLUS,IDLE,,,,AMS078EN1002A,,21-11-09 13:47,,,
BBC10,MAXUM-PLUS,IDLE,,,,AMS078EN1002A,,21-11-10 01:26,,,
BBC11,MAXUM-PLUS,IDLE,,,,AMS078EN1002A,,21-11-10 03:02,,,
BBC12,MAXUM-PLUS,IDLE,,,,AMS078EN1002A,,21-11-10 01:21,,,
BBC13,MAXUM-PLUS,IDLE,,,,AMS078EN1002A,,21-11-10 09:26,,,
BBC14,MAXUM-PLUS,IDLE,,,,AMS078EN1002A,,21-11-11 10:18,,,
BBC15,MAXUM-PLUS,IDLE,,,,AMS078EN1002A,,21-11-12 09:57,,,
BBC16,MAXUM-PLUS,IDLE,,,,AMS078EN1002A,,21-11-09 18:57,,,
BBC17,MAXUM-PLUS,IDLE,,,,AMS078EN1002A,,21-11-10 06:51,,,
BBC18,MAXUM-PLUS,IDLE,,,,AMS078EN1002A,,21-11-09 17:29,,,
BBC19,MAXUM-PLUS,IDLE,,,,AMS078EN1002A,,21-11-09 18:02,,,
BBC20,MAXUM-PLUS,IDLE,,,,AMS078EN1001A,,21-11-10 00:14,,,
BBC21,MAXUM-PLUS,IDLE,,,,AMS078EN1002A,,21-11-09 16:47,,,
BBC22,MAXUM-PLUS,IDLE,,,,AMS078EN1001A,,21-11-09 21:25,,,
BBC23,MAXUM-PLUS,IDLE,,,,AMS078EN1001A,,21-11-10 03:00,,,
BBC24,MAXUM-PLUS,IDLE,,,,AMS078EN1002A,,21-11-10 04:13,,,
BBC25,MAXUM-PLUS,IDLE,,,,AMS078EN1001A,,21-11-10 03:32,,,
BBC26,MAXUM-PLUS,RUNNING,P46MSEA07,2200,078ENMS009,AMS078EN1001A,21-11-13 00:48,21-11-12 10:21,MTI,FBGA-78UEN,3600
BBC27,MAXUM-PLUS,RUNNING,P46MSBR07,2200,096ECMS003,AMS096EC1002A,21-11-12 15:24,21-11-11 19:13,MTI,FBGA-96UEC,5579
BBC28,MAXUM-PLUS,RUNNING,P46MSC401,2200,078ENMS016,AMS078EN1002A,21-11-12 20:04,21-11-12 06:04,MTI,FBGA-78UEN,3580
BBC29,MAXUM-PLUS,RUNNING,P46MSC206,2200,078ENMS016,AMS078EN1002A,21-11-12 19:53,21-11-12 05:49,MTI,FBGA-78UEN,3600
BBC30,MAXUM-PLUS,RUNNING,P46MSBQ03,2200,096ECMS003,AMS096EC1002A,21-11-12 16:54,21-11-11 20:38,MTI,FBGA-96UEC,5600
BBC31,MAXUM-PLUS,RUNNING,P46MSC201,2200,078ENMS016,AMS078EN1002A,21-11-12 19:39,21-11-12 05:51,MTI,FBGA-78UEN,3530
BBC32,MAXUM-PLUS,RUNNING,P46MSC205,2200,078ENMS016,AMS078EN1002A,21-11-12 19:45,21-11-12 05:47,MTI,FBGA-78UEN,3574
BBC33,MAXUM-PLUS,RUNNING,P46MSC202,2200,078ENMS016,AMS078EN1002A,21-11-12 19:38,21-11-12 05:44,MTI,FBGA-78UEN,3556
BBC34,MAXUM-PLUS,RUNNING,P46MSE903,2200,078ENMS009,AMS078EN1001A,21-11-13 00:51,21-11-12 10:24,MTI,FBGA-78UEN,3600
BBC35,MAXUM-PLUS,RUNNING,P46MSE302,2200,078ENMS009,AMS078EN1001A,21-11-13 00:44,21-11-12 10:27,MTI,FBGA-78UEN,3557
BBC36,MAXUM-PLUS,RUNNING,P46MSBT02,2200,096ECMS003,AMS096EC1002A,21-11-13 00:28,21-11-12 04:15,MTI,FBGA-96UEC,5588
BBC37,MAXUM-PLUS,IDLE,,,,AMS096EC1002A,,21-11-12 09:53,,,
BBC38,MAXUM-PLUS,RUNNING,P46MSBT03,2200,096ECMS003,AMS096EC1002A,21-11-12 15:25,21-11-11 19:19,MTI,FBGA-96UEC,5558
BBC39,MAXUM-PLUS,RUNNING,P46MSE803,2200,078ENMS009,AMS078EN1001A,21-11-13 00:53,21-11-12 10:30,MTI,FBGA-78UEN,3580
BBC40,MAXUM-PLUS,RUNNING,P46MSBQ02,2200,096ECMS003,AMS096EC1002A,21-11-12 16:19,21-11-11 20:03,MTI,FBGA-96UEC,5600
BBC41,MAXUM-PLUS,IDLE,,,,AMS078EN1001A,,21-11-12 11:52,,,
BBC42,MAXUM-PLUS,IDLE,,,,AMS078EN1001A,,21-11-12 06:43,,,
BBC43,MAXUM-PLUS,RUNNING,P46MSE301,2200,078ENMS009,AMS078EN1001A,21-11-13 00:48,21-11-12 10:36,MTI,FBGA-78UEN,3537
BBC44,MAXUM-PLUS,RUNNING,P46MSAM08,2200,078ENMS009,AMS078EN1001A,21-11-12 08:57,21-11-11 18:37,MTI,FBGA-78UEN,3565
BBC45,MAXUM-PLUS,IDLE,,,,AMS078EN1001A,,21-11-12 10:37,,,
BBC46,MAXUM-PLUS,RUNNING,P46MSBQ01,2200,096ECMS003,AMS096EC1002A,21-11-12 17:02,21-11-11 20:46,MTI,FBGA-96UEC,5600
BBC47,MAXUM-PLUS,RUNNING,P46MSE901,2200,078ENMS009,AMS078EN1001A,21-11-12 17:34,21-11-12 03:12,MTI,FBGA-78UEN,3574
BBC48,MAXUM-PLUS,RUNNING,P46MSE902,2200,078ENMS009,AMS078EN1001A,21-11-12 17:43,21-11-12 03:15,MTI,FBGA-78UEN,3600
BBC49,MAXUM-PLUS,RUNNING,P46MSBQ04,2200,096ECMS003,AMS096EC1002A,21-11-13 04:45,21-11-12 08:30,MTI,FBGA-96UEC,5600
BBC50,MAXUM-PLUS,RUNNING,P46MSEA04,2200,078ENMS009,AMS078EN1001A,21-11-12 17:40,21-11-12 03:17,MTI,FBGA-78UEN,3582
BBC51,MAXUM-PLUS,RUNNING,P46MSEA06,2200,078ENMS009,AMS078EN1001A,21-11-13 01:14,21-11-12 10:46,MTI,FBGA-78UEN,3600
BBC52,MAXUM-PLUS,RUNNING,P46MSEA05,2200,078ENMS009,AMS078EN1001A,21-11-12 17:36,21-11-12 03:08,MTI,FBGA-78UEN,3600
BBC53,MAXUM-PLUS,RUNNING,P46MSEA03,2200,078ENMS009,AMS078EN1001A,21-11-12 17:24,21-11-12 03:06,MTI,FBGA-78UEN,3560
BBC54,MAXUM-PLUS,IDLE,,,,AMS078EN1001A,,21-11-12 07:03,,,
BBC55,MAXUM-PLUS,RUNNING,P46MSE904,2200,078ENMS009,AMS078EN1001A,21-11-13 01:07,21-11-12 10:39,MTI,FBGA-78UEN,3600
BBC56,MAXUM-PLUS,RUNNING,P46MSE801,2200,078ENMS009,AMS078EN1001A,21-11-12 17:27,21-11-12 03:04,MTI,FBGA-78UEN,3580
BBC57,MAXUM-PLUS,RUNNING,P46MSE804,2200,078ENMS009,AMS078EN1001A,21-11-13 01:05,21-11-12 10:42,MTI,FBGA-78UEN,3580
BBC58,MAXUM-PLUS,RUNNING,P46MSE802,2200,078ENMS009,AMS078EN1001A,21-11-12 17:25,21-11-12 03:02,MTI,FBGA-78UEN,3580
BBC59,MAXUM-PLUS,RUNNING,P46MSEA01,2200,078ENMS009,AMS078EN1001A,21-11-12 17:13,21-11-12 03:00,MTI,FBGA-78UEN,3541
BBC60,MAXUM-PLUS,RUNNING,P46MSEA02,2200,078ENMS009,AMS078EN1001A,21-11-12 17:16,21-11-12 02:58,MTI,FBGA-78UEN,3560
BBD01,MAXUM-PLUS,ENG,P45ABG513,2200,008YMAB063,AAB008YM2036A,21-11-12 08:45,21-11-12 08:45,WINBOND,DFN-08YM2D,16000
BBD02,MAXUM-PLUS,RUNNING,P46MSBI03,2200,078U9MS017,AMS078C93001B,21-11-13 02:34,21-11-12 05:29,MTI,FBGA-78U9,6691
BBD03,MAXUM-PLUS,ENG,P45ABG511,2200,008YMAB063,AAB008YM2036A,21-11-12 08:45,21-11-12 08:45,WINBOND,DFN-08YM2D,16000
BBD09,MAXUM-PLUS,SETUP,,,,ABU008YD2001A,,21-11-12 13:28,,,
BBD10,MAXUM-PLUS,RUNNING,P46AWAI07,2200,008YMAW020,AAW008YM2004A,21-11-12 17:53,21-11-12 04:57,MXIC,DFN-08YM2D,16000
BBD11,MAXUM-PLUS,RUNNING,P46AWAI04,2200,008YMAW020,AAW008YM2004A,21-11-12 23:48,21-11-12 10:52,MXIC,DFN-08YM2D,16000
BBD12,MAXUM-PLUS,ENG,,,,AAS084CC2010A,21-10-20 09:29,21-10-20 09:29,,,
BBD13,MAXUM-PLUS,ENG,P45ABG602,2200,008YMAB063,AAB008YM2036A,21-11-12 08:45,21-11-12 08:45,WINBOND,DFN-08YM2D,16000
BBD14,MAXUM-PLUS,RUNNING,P45VGCI18,2200,008YDVG005,ABU008YD2001A,21-11-12 19:02,21-11-12 10:43,ISSI-VG,DFN-08YD2A,7040
BBD15,MAXUM-PLUS,ENG,P45ABG514,2200,008YMAB063,AAB008YM2036A,21-11-12 08:45,21-11-12 08:45,WINBOND,DFN-08YM2D,16000
BBD16,MAXUM-PLUS,RUNNING,P45ASBH01,2200,084UCAS080,AAS084CC2010A,21-11-13 05:48,21-11-12 11:51,EliteMT,FBGA-84UC,2766
BBD17,MAXUM-PLUS,RUNNING,P45VGCI15,2200,008YDVG005,ABU008YD2001A,21-11-12 09:20,21-11-12 01:01,ISSI-VG,DFN-08YD2A,7040
BBD20,MAXUM-PLUS,RUNNING,P46AWAI03,2200,008YMAW020,AAW008YM2004A,21-11-12 16:36,21-11-12 03:40,MXIC,DFN-08YM2D,16000
BBD21,MAXUM-PLUS,RUNNING,P46AWAI02,2200,008YMAW020,AAW008YM2004A,21-11-12 16:38,21-11-12 03:42,MXIC,DFN-08YM2D,16000
BBD22,MAXUM-PLUS,RUNNING,P45VGCI12,2200,008YDVG005,ABU008YD2001A,21-11-12 13:07,21-11-12 04:48,ISSI-VG,DFN-08YD2A,7040
BBD23,MAXUM-PLUS,RUNNING,P46ABEV02,2200,008YMAB068,AAB008YM2018A,21-11-12 22:54,21-11-12 09:36,WINBOND,DFN-08YM2D,16000
BBD24,MAXUM-PLUS,ENG,P45ABG601,2200,008YMAB063,AAB008YM2036A,21-11-12 08:45,21-11-12 08:45,WINBOND,DFN-08YM2D,15999
BBD35,MAXUM-PLUS,ENG,P45ABG512,2200,008YMAB063,AAB008YM2036A,21-11-12 08:45,21-11-12 08:45,WINBOND,DFN-08YM2D,16000
BBD36,MAXUM-PLUS,ENG,P45ABG615,2200,008YMAB063,AAB008YM2036A,21-11-12 08:45,21-11-12 08:45,WINBOND,DFN-08YM2D,16000
BBD37,MAXUM-PLUS,RUNNING,P45ASAC01,2200,096EIAS005,AAS096EI2001A,21-11-12 17:55,21-11-11 23:32,EliteMT,FBGA-96UEJ,2660
BBD38,MAXUM-PLUS,RUNNING,P46AWAI17,2200,008YMAW020,AAW008YM2004A,21-11-12 23:51,21-11-12 10:55,MXIC,DFN-08YM2D,16000
BBD39,MAXUM-PLUS,IDLE,,,,AAS096EI2001A,,21-11-12 10:56,,,
BBD40,MAXUM-PLUS,RUNNING,P45VGCU22,2200,008YQVG002,ABU008YQ2001A,21-11-12 13:52,21-11-12 11:04,ISSI-VG,DFN-08YQ2A,2160
BBD41,MAXUM-PLUS,ENG,P45ABG517,2200,008YMAB063,AAB008YM2036A,21-11-12 08:45,21-11-12 08:45,WINBOND,DFN-08YM2D,16000
BBD42,MAXUM-PLUS,RUNNING,P46AWAI10,2200,008YMAW020,AAW008YM2004A,21-11-12 14:21,21-11-12 01:25,MXIC,DFN-08YM2D,16000
BBD43,MAXUM-PLUS,RUNNING,P46MSBB01,2200,078U9MS017,AMS078C93001B,21-11-13 02:40,21-11-12 05:44,MTI,FBGA-78U9,6640
BBD44,MAXUM-PLUS,RUNNING,P45NVJ706,2200,0086ANV180,ANV0086A1070A,21-11-12 17:27,21-11-12 07:13,PHISON,uSD08AQV-C,1560
BBD48,MAXUM-PLUS,IDLE,,,,AAB008YB2008A,,21-11-12 06:10,,,
BBD49,MAXUM-PLUS,RUNNING,P45VGCU08,2200,008YQVG002,ABU008YQ2001A,21-11-12 15:20,21-11-12 12:33,ISSI-VG,DFN-08YQ2A,2160
BBD50,MAXUM-PLUS,RUNNING,P46AWAI11,2200,008YMAW020,AAW008YM2004A,21-11-13 01:00,21-11-12 12:04,MXIC,DFN-08YM2D,16000
BBD51,MAXUM-PLUS,RUNNING,P45ASAB07,2200,096EIAS005,AAS096EI2001A,21-11-13 03:34,21-11-12 07:00,EliteMT,FBGA-96UEJ,2980
BBD52,MAXUM-PLUS,RUNNING,P45VGCU03,2200,008YQVG002,ABU008YQ2001A,21-11-12 13:14,21-11-12 10:27,ISSI-VG,DFN-08YQ2A,2160
BBD53,MAXUM-PLUS,RUNNING,P45ASAB06,2200,096EIAS005,AAS096EI2001A,21-11-12 16:39,21-11-11 20:20,EliteMT,FBGA-96UEJ,2943
BBD54,MAXUM-PLUS,ENG,P45ABG507,2200,008YMAB063,AAB008YM2036A,21-11-12 08:45,21-11-12 08:45,WINBOND,DFN-08YM2D,16000
BBD55,MAXUM-PLUS,ENG,P45ABG611,2200,008YMAB063,AAB008YM2036A,21-11-12 08:45,21-11-12 08:45,WINBOND,DFN-08YM2D,16000
BBD56,MAXUM-PLUS,ENG,P45ABG609,2200,008YMAB063,AAB008YM2036A,21-11-12 08:45,21-11-12 08:45,WINBOND,DFN-08YM2D,16000
BBD57,MAXUM-PLUS,RUNNING,P46ABA605,2200,008YMAB051,AAB008YM2019A,21-11-13 01:10,21-11-12 11:21,WINBOND,DFN-08YM2D,16000
BBD58,MAXUM-PLUS,RUNNING,P45NVJ704,2200,0086ANV180,ANV0086A1070A,21-11-12 21:07,21-11-12 11:01,PHISON,uSD08AQV-C,1540
BBD59,MAXUM-PLUS,RUNNING,P45VGCU16,2200,008YQVG002,ABU008YQ2001A,21-11-12 14:49,21-11-12 12:01,ISSI-VG,DFN-08YQ2A,2160
BBD60,MAXUM-PLUS,RUNNING,P46MSB305,2200,078U9MS017,AMS078C93001B,21-11-13 00:32,21-11-12 03:21,MTI,FBGA-78U9,6720
BBD61,MAXUM-PLUS,RUNNING,P46MSB403,2200,078U9MS017,AMS078C93001B,21-11-12 18:48,21-11-11 21:39,MTI,FBGA-78U9,6712
BBD62,MAXUM-PLUS,RUNNING,P45ABLA04,2200,008YBAB011,AAB008YB2005A,21-11-12 19:08,21-11-12 13:15,WINBOND,DFN-08YB2G,6240
BBD63,MAXUM-PLUS,RUNNING,P45ABHC01,2200,008YMAB051,AAB008YM2019A,21-11-12 18:22,21-11-12 04:33,WINBOND,DFN-08YM2D,16000
BBD64,MAXUM-PLUS,RUNNING,P46AWAV01,2200,008Y6AW032,AAW008Y62014A,21-11-12 17:58,21-11-12 10:39,MXIC,DFN-08Y62D,8320
BBD65,MAXUM-PLUS,ENG,P45ABG509,2200,008YMAB063,AAB008YM2036A,21-11-12 08:45,21-11-12 08:45,WINBOND,DFN-08YM2D,16000
BBD66,MAXUM-PLUS,RUNNING,P46MSBE02,2200,078U9MS017,AMS078C93001B,21-11-13 02:59,21-11-12 05:48,MTI,FBGA-78U9,6720
BBD67,MAXUM-PLUS,ENG,P45ABG605,2200,008YMAB063,AAB008YM2036A,21-11-12 08:45,21-11-12 08:45,WINBOND,DFN-08YM2D,16000
BBD81,MAXUM-PLUS,RUNNING,P46ABEV01,2200,008YMAB068,AAB008YM2018A,21-11-12 19:05,21-11-12 05:48,WINBOND,DFN-08YM2D,16000
BBH08,MAXUM-PLUS,RUNNING,P43RKAT02,2200,078EPRK001,ARK078EP1001A,21-11-11 14:06,21-11-08 12:51,RK,FBGA-78UEP,5920
BBH09,MAXUM-PLUS,RUNNING,P44OKB313,2200,048TVOK056,AOK048TV1029A,21-11-12 13:56,21-11-11 19:00,LAPIS,TSOP1-48A2,2560
BBH10,MAXUM-PLUS,RUNNING,P45OKC107,2200,048TVOK056,AOK048TV1029A,21-11-13 07:37,21-11-12 12:40,LAPIS,TSOP1-48A2,2560
BBH11,MAXUM-PLUS,RUNNING,P45OKC110,2200,048TVOK056,AOK048TV1029A,21-11-13 01:33,21-11-12 06:37,LAPIS,TSOP1-48A2,2560
BBH12,MAXUM-PLUS,RUNNING,P44OKB210,2200,048TVOK056,AOK048TV1029A,21-11-12 20:28,21-11-12 01:32,LAPIS,TSOP1-48A2,2560
BBH13,MAXUM-PLUS,IDLE,,,,AMS078EN1001A,,21-11-12 02:12,,,
BBH14,MAXUM-PLUS,RUNNING,P45AWE401,2200,016D5AW011,AAW016D53004A,21-11-12 13:13,21-11-11 21:33,MXIC,SSLGA16DOU,1240
BBH15,MAXUM-PLUS,RUNNING,P45OKC104,2200,048TVOK056,AOK048TV1029A,21-11-13 02:04,21-11-12 07:08,LAPIS,TSOP1-48A2,2560
BBH16,MAXUM-PLUS,RUNNING,P45OKC108,2200,048TVOK056,AOK048TV1029A,21-11-13 02:54,21-11-12 07:57,LAPIS,TSOP1-48A2,2560
BBH17,MAXUM-PLUS,RUNNING,P46MSAP05,2200,096ECMS010,AMS096EC3001B,21-11-13 03:59,21-11-12 06:32,MTI,FBGA-96UEC,5600
BBH18,MAXUM-PLUS,IDLE,,,,AMS078EN1001A,,21-11-11 14:04,,,
BBH19,MAXUM-PLUS,RUNNING,P45ABKA10,2200,054TNAB029,AAB054TN1004A,21-11-12 19:18,21-11-12 06:59,WINBOND,TSOP2-54ME,2880
BBH20,MAXUM-PLUS,RUNNING,P46MSAQ01,2200,096ECMS010,AMS096EC3001B,21-11-13 03:01,21-11-12 05:36,MTI,FBGA-96UEC,5592
BBH21,MAXUM-PLUS,IDLE,,,,AMS078EN1001A,,21-11-11 20:18,,,
BBH22,MAXUM-PLUS,RUNNING,P45ABKA05,2200,054TNAB029,AAB054TN1004A,21-11-12 17:47,21-11-12 05:28,WINBOND,TSOP2-54ME,2880
BBH23,MAXUM-PLUS,RUNNING,P45OKC105,2200,048TVOK056,AOK048TV1029A,21-11-13 07:09,21-11-12 12:13,LAPIS,TSOP1-48A2,2560
BBH24,MAXUM-PLUS,RUNNING,P46MSAP03,2200,096ECMS010,AMS096EC3001B,21-11-12 21:58,21-11-12 00:35,MTI,FBGA-96UEC,5581
BBH25,MAXUM-PLUS,RUNNING,P46MSBN02,2200,096ECMS010,AMS096EC3001B,21-11-12 14:33,21-11-11 17:06,MTI,FBGA-96UEC,5600
BBH26,MAXUM-PLUS,IDLE,,,,AMS078EN1001A,,21-11-11 20:52,,,
BBH27,MAXUM-PLUS,RUNNING,P43RKB102,2200,078EPRK001,ARK078EP1001A,21-11-14 06:46,21-11-11 06:39,RK,FBGA-78UEP,5829
BBH28,MAXUM-PLUS,IDLE,,,,AMS078EN1001A,,21-11-11 10:42,,,
BBH29,MAXUM-PLUS,IDLE,,,,AMS078EN1001A,,21-11-11 23:17,,,
BBH30,MAXUM-PLUS,RUNNING,P45OKC109,2200,048TVOK056,AOK048TV1029A,21-11-13 03:01,21-11-12 08:05,LAPIS,TSOP1-48A2,2560
BBH31,MAXUM-PLUS,IDLE,,,,AMS078EN1001A,,21-11-11 10:03,,,
BBH32,MAXUM-PLUS,RUNNING,P45AWE422,2200,016D5AW011,AAW016D53004A,21-11-12 17:35,21-11-12 01:56,MXIC,SSLGA16DOU,1240
BBH33,MAXUM-PLUS,RUNNING,P44OKB305,2200,048TVOK056,AOK048TV1029A,21-11-12 19:38,21-11-12 00:41,LAPIS,TSOP1-48A2,2560
BBH34,MAXUM-PLUS,RUNNING,P46MSAP04,2200,096ECMS010,AMS096EC3001B,21-11-13 01:42,21-11-12 04:17,MTI,FBGA-96UEC,5590
BBH35,MAXUM-PLUS,IN-REPAIR,P45AWE420,2200,016D5AW011,AAW016D53004A,21-11-12 18:03:32,21-11-12 12:59,MXIC,SSLGA16DOU,1210
BBH36,MAXUM-PLUS,IDLE,,,,AMS078EN1001A,,21-11-11 13:50,,,
BBH37,MAXUM-PLUS,IDLE,,,,AAB084CC9001A,,21-11-12 04:37,,,
BBH38,MAXUM-PLUS,RUNNING,P43RKAX03,2200,078EPRK001,ARK078EP1001A,21-11-12 19:04,21-11-11 13:48,RK,FBGA-78UEP,2361
BBH39,MAXUM-PLUS,RUNNING,P43RKAU01,2200,078EPRK001,ARK078EP1001A,21-11-12 10:49,21-11-09 09:05,RK,FBGA-78UEP,5960
BBH40,MAXUM-PLUS,RUNNING,P44OKB214,2200,048TVOK056,AOK048TV1029A,21-11-12 10:44,21-11-11 15:48,LAPIS,TSOP1-48A2,2560
BBH41,MAXUM-PLUS,RUNNING,P43RKAY01,2200,078EPRK001,ARK078EP1001A,21-11-13 23:58,21-11-10 22:13,RK,FBGA-78UEP,5960
BBH42,MAXUM-PLUS,RUNNING,P43RKAN01,2200,078EPRK001,ARK078EP1001A,21-11-11 08:48,21-11-08 07:03,RK,FBGA-78UEP,5960
BBH43,MAXUM-PLUS,RUNNING,P44OKB309,2200,048TVOK056,AOK048TV1029A,21-11-12 15:37,21-11-11 20:41,LAPIS,TSOP1-48A2,2560
BBH44,MAXUM-PLUS,RUNNING,P43RKAJ01,2200,078EPRK001,ARK078EP1001A,21-11-09 19:08,21-11-06 17:50,RK,FBGA-78UEP,5924
BBH45,MAXUM-PLUS,IDLE,,,,AMS078EN1001A,,21-11-11 10:31,,,
BBH46,MAXUM-PLUS,IDLE,,,,AMS078EN1001A,,21-11-11 15:08,,,
BBH47,MAXUM-PLUS,RUNNING,P46MSBN01,2200,096ECMS010,AMS096EC3001B,21-11-12 10:59,21-11-11 13:32,MTI,FBGA-96UEC,5600
BBH48,MAXUM-PLUS,IDLE,,,,AMS078EN1001A,,21-11-11 10:38,,,
BBH49,MAXUM-PLUS,RUNNING,P46MSBG01,2200,078U9MS017,AMS078C93001B,21-11-13 02:33,21-11-12 05:22,MTI,FBGA-78U9,6720
BBH50,MAXUM-PLUS,RUNNING,P46MSAV06,2200,078U9MS017,AMS078C93001B,21-11-12 16:25,21-11-11 19:28,MTI,FBGA-78U9,6646
BBH51,MAXUM-PLUS,RUNNING,P46MSAZ05,2200,078U9MS017,AMS078C93001B,21-11-12 16:25,21-11-11 19:14,MTI,FBGA-78U9,6720
BBH52,MAXUM-PLUS,RUNNING,P43RKB401,2200,078EPRK001,ARK078EP1001A,21-11-13 22:19,21-11-10 21:05,RK,FBGA-78UEP,5919
BBH53,MAXUM-PLUS,IDLE,,,,AAB084CC9001A,,21-11-10 21:26,,,
BBH54,MAXUM-PLUS,ENG,,,,AMS078C93001B,21-11-11 00:49,21-11-11 00:49,,,
BBH55,MAXUM-PLUS,RUNNING,P46MSAR01,2200,096ECMS010,AMS096EC3001B,21-11-12 21:28,21-11-12 00:19,MTI,FBGA-96UEC,5523
BBH56,MAXUM-PLUS,RUNNING,P45OKC111,2200,048TVOK056,AOK048TV1029A,21-11-13 05:46,21-11-12 10:50,LAPIS,TSOP1-48A2,2560
BBH57,MAXUM-PLUS,RUNNING,P46ABE801,2200,084UCAB027,AAB084CC9001A,21-11-12 17:29,21-11-11 22:36,WINBOND,FBGA-84UC2H,5510
BBH58,MAXUM-PLUS,ENG,,,,AMS078C93001B,21-11-11 02:18,21-11-11 02:18,,,
BBH59,MAXUM-PLUS,RUNNING,P46MSAP01,2200,096ECMS010,AMS096EC3001B,21-11-12 16:21,21-11-11 18:57,MTI,FBGA-96UEC,5586
BBH60,MAXUM-PLUS,RUNNING,P46MSAR02,2200,096ECMS010,AMS096EC3001B,21-11-12 18:40,21-11-12 03:29,MTI,FBGA-96UEC,3959
BBH61,MAXUM-PLUS,IDLE,,,,AMS078EN1001A,,21-11-11 09:22,,,
BBH62,MAXUM-PLUS,IDLE,,,,AMS078EN1001A,,21-11-11 09:24,,,
BBH63,MAXUM-PLUS,RUNNING,P44OKB301,2200,048TVOK056,AOK048TV1029A,21-11-12 21:55,21-11-12 02:58,LAPIS,TSOP1-48A2,2560
BBH64,MAXUM-PLUS,RUNNING,P44OKB303,2200,048TVOK056,AOK048TV1029A,21-11-12 23:45,21-11-12 04:49,LAPIS,TSOP1-48A2,2560
BBH65,MAXUM-PLUS,PM,P46MSAP02,2200,096ECMS010,AMS096EC3001B,21-11-12 16:01,21-11-12 08:01,MTI,FBGA-96UEC,5600
BBH66,MAXUM-PLUS,RUNNING,P46MSAP07,2200,096ECMS010,AMS096EC3001B,21-11-12 14:40,21-11-12 07:14,MTI,FBGA-96UEC,1926
BBH67,MAXUM-PLUS,IDLE,,,,AMS096EC3001B,,21-11-12 13:26,,,
BBH68,MAXUM-PLUS,IDLE,,,,AMS078EN1001A,,21-11-11 11:48,,,
BBH69,MAXUM-PLUS,IDLE,,,,AMS078EN1001A,,21-11-11 20:53,,,
BBH70,MAXUM-PLUS,IDLE,,,,AMS078EN1001A,,21-11-12 02:16,,,
BBH96,MAXUM-PLUS,ENG,,,,AMS078EP1001A,21-11-12 09:32,21-11-12 09:32,,,
BBH97,MAXUM-PLUS,ENG,,,,AMS078EP1001A,21-11-12 08:34,21-11-12 08:34,,,
BBH98,MAXUM-PLUS,RUNNING,P44OKB308,2200,048TVOK056,AOK048TV1029A,21-11-12 11:51,21-11-11 16:55,LAPIS,TSOP1-48A2,2560
BBH99,MAXUM-PLUS,RUNNING,P46MSAP06,2200,096ECMS010,AMS096EC3001B,21-11-13 07:15,21-11-12 09:50,MTI,FBGA-96UEC,5590
BBJ01,ICONN,IDLE,,,,ANV169XN6002A,,21-11-11 05:35,,,
BBJ02,MAXUM,IDLE,,,,AAB008YQ2039B,,21-11-12 09:38,,,
BBJ03,MAXUM,ENG,,,,AAB008YQ2045A,21-11-12 12:17,21-11-12 12:17,,,
BBK27,MAXUM-PLUS,ENG,,,,AMS078EP1001A,21-11-12 09:53,21-11-12 09:53,,,
BBK28,MAXUM-PLUS,ENG,,,,AMS078EP1001A,21-11-12 10:55,21-11-12 10:55,,,
BBK29,MAXUM-PLUS,ENG,,,,AMS078EP1001A,21-11-12 09:52,21-11-12 09:52,,,
BBK30,MAXUM-PLUS,IDLE,,,,AMS096EC1002A,,21-11-09 01:29,,,
BBK31,MAXUM-PLUS,IDLE,,,,AMS096EC1002A,,21-11-09 00:46,,,
BBK32,MAXUM-PLUS,IDLE,,,,AMS096EC1002A,,21-11-08 20:34,,,
BBK33,MAXUM-PLUS,IDLE,,,,AMS096EC1002A,,21-11-09 02:48,,,
BBK34,MAXUM-PLUS,IDLE,,,,AMS096EC1002A,,21-11-09 00:45,,,
BBK35,MAXUM-PLUS,IDLE,,,,AMS096EC1002A,,21-11-09 02:46,,,
BBK36,MAXUM-PLUS,IDLE,,,,AMS078EN1001A,,21-11-09 21:08,,,
BBK37,MAXUM-PLUS,IDLE,,,,AMS096EC1002A,,21-11-09 01:38,,,
BBK38,MAXUM-PLUS,IDLE,,,,AMS096EC1002A,,21-11-09 07:58,,,
BBK39,MAXUM-PLUS,IDLE,,,,AMS096EC1002A,,21-11-09 01:59,,,
BBK40,MAXUM-PLUS,IDLE,,,,AMS096EC1002A,,21-11-08 22:34,,,
BBK41,MAXUM-PLUS,IDLE,,,,AMS078EN1001A,,21-11-09 15:15,,,
BBK42,MAXUM-PLUS,IDLE,,,,AMS078EN1001A,,21-11-09 20:54,,,
BBK43,MAXUM-PLUS,IDLE,,,,AMS078EN1001A,,21-11-09 21:19,,,
BBK44,MAXUM-PLUS,IDLE,,,,AMS096EC1002A,,21-11-09 16:20,,,
BBK45,MAXUM-PLUS,IDLE,,,,,,21-11-12 12:08,,,
BBK46,MAXUM-PLUS,IDLE,,,,,,21-11-12 12:08,,,
BBK47,MAXUM-PLUS,IDLE,,,,,,21-11-12 12:08,,,
BBK48,MAXUM-PLUS,IDLE,,,,,,21-11-12 12:08,,,
BBK49,MAXUM-PLUS,IDLE,,,,,,21-11-12 12:07,,,
BBL01,MAXUM-PLUS,ENG,P45ABG515,2200,008YMAB063,AAB008YM2036A,21-11-12 08:45,21-11-12 08:45,WINBOND,DFN-08YM2D,16000
BBL02,MAXUM-PLUS,RUNNING,P45ASAB05,2200,096EIAS005,AAS096EI2001A,21-11-12 23:24,21-11-12 03:01,EliteMT,FBGA-96UEJ,2950
BBL03,MAXUM-PLUS,RUNNING,P45ABLA01,2200,008YBAB011,AAB008YB2005A,21-11-12 16:26,21-11-12 10:33,WINBOND,DFN-08YB2G,6240
BBL04,MAXUM-PLUS,RUNNING,P46ABA315,2200,008YMAB068,AAB008YM2018A,21-11-12 21:02,21-11-12 08:20,WINBOND,DFN-08YM2D,15292
BBL05,MAXUM-PLUS,WAIT-SETUP,,,,AAW008YM2004A,,21-11-12 02:44,,,
BBL16,MAXUM-PLUS,SETUP,,,,ABU008YD2001A,21-11-12 08:06,21-11-12 06:42,,,
BBL17,MAXUM-PLUS,IDLE,,,,ABW036AB1004A,,21-11-12 09:51,,,
BBL18,MAXUM-PLUS,RUNNING,P46AWAI15,2200,008YMAW020,AAW008YM2004A,21-11-12 19:42,21-11-12 06:46,MXIC,DFN-08YM2D,16000
BBL19,MAXUM-PLUS,RUNNING,P46ABA609,2200,008YMAB051,AAB008YM2019A,21-11-12 21:08,21-11-12 07:19,WINBOND,DFN-08YM2D,16000
BBL20,MAXUM-PLUS,RUNNING,P46AWAV02,2200,008Y6AW032,AAW008Y62014A,21-11-12 16:55,21-11-12 09:35,MXIC,DFN-08Y62D,8320
BBL21,MAXUM-PLUS,RUNNING,P45VGCU19,2200,008YQVG002,ABU008YQ2001A,21-11-12 15:55,21-11-12 13:07,ISSI-VG,DFN-08YQ2A,2160
BBL22,MAXUM-PLUS,RUNNING,P46AWAI16,2200,008YMAW020,AAW008YM2004A,21-11-12 23:16,21-11-12 10:20,MXIC,DFN-08YM2D,16000
BBM01,MAXUM,RUNNING,P45LWAF01,2200,078EPLW008,ALW078EP1001A,21-11-12 16:52,21-11-12 03:41,MTI-S,FBGA-78UEP,3663
BBM02,MAXUM,RUNNING,P45LWA603,2200,078U9LW014,ALW078C93002A,21-11-11 23:17,21-11-11 16:23,MTI-S,FBGA-78U9,1938
BBM03,MAXUM,RUNNING,P45LWA703,2200,078U9LW014,ALW078C93002A,21-11-12 16:11,21-11-11 20:38,MTI-S,FBGA-78U9,5546
BBM04,MAXUM,RUNNING,P43LWC502,2200,078U9LW014,ALW078C93002A,21-11-05 02:50,21-10-31 04:21,MTI-S,FBGA-78U9,6650
BBM05,MAXUM,RUNNING,P45LWAE01,2200,078EPLW008,ALW078EP1001A,21-11-11 21:09,21-11-11 00:43,MTI-S,FBGA-78UEP,5693
BBM06,MAXUM,RUNNING,P45CDA404,2200,054TNCD011,ACD054TA1007A,21-11-12 20:21,21-11-12 10:53,ETRON,TSOP2-54ME,2880
BBM07,MAXUM,WAIT-REPAIR,,,,ALW078C93002A,,21-10-27 18:25,,,
BBR01,RAPID,ENG,,,,AHQ0415L1005A,21-11-11 16:46,21-11-11 16:46,,,
BBR02,RAPID,SETUP,,,,AHQ0442J4001A,21-11-12 14:19,21-11-12 12:19,,,
BBR03,RAPID,IDLE,,,,ANI010YK3001A,,21-11-12 00:34,,,
BBR04,RAPID,IDLE,,,,AHQ0442J4001A,,21-11-12 01:46,,,
BBR05,RAPID,RUNNING,P45ABKR09,2200,008YQAB085,AAB008YQ2045A,21-11-12 19:51,21-11-12 11:44,WINBOND,STDFN-08YQ2A,4320
BBR06,RAPID,RUNNING,P46MSBU01,2200,096ECMS003,AMS096EC1002A,21-11-13 02:10,21-11-12 05:11,MTI,FBGA-96UEC,5600
BBR07,RAPID,IDLE,,,,AAB008YQ2039B,,21-11-12 04:24,,,
BBR08,RAPID,RUNNING,P45ABKM08,2200,008YQAB085,AAB008YQ2045A,21-11-12 13:54,21-11-12 05:47,WINBOND,STDFN-08YQ2A,4320
BBR09,RAPID,RUNNING,P45ABKN01,2200,008YQAB090,AAB008YQ2039B,21-11-12 19:03,21-11-12 10:35,WINBOND,STDFN-08YQ2A,4320
BBR10,RAPID,RUNNING,P44NIK611,2200,010YKNI037,ANI010YK3001A,21-11-12 18:39,21-11-12 10:37,DIALOG,QFN-10YK2A,10750
BBR11,RAPID,IDLE,,,,ANI010YK3001A,,21-11-12 07:11,,,
BBR12,RAPID,IDLE,,,,AHQ0442J4001A,,21-11-12 08:31,,,
BBR13,RAPID,IDLE,,,,AHQ0442J4001A,,21-11-12 02:50,,,
BBR14,RAPID,IDLE,,,,AAB008YQ2039B,,21-11-12 07:41,,,
BBR15,RAPID,RUNNING,P45NIB806,2200,010YKNI037,ANI010YK3001A,21-11-12 14:28,21-11-12 06:26,DIALOG,QFN-10YK2A,10744
BBR16,RAPID,RUNNING,P45ABKR10,2200,008YQAB085,AAB008YQ2045A,21-11-12 19:22,21-11-12 12:31,WINBOND,STDFN-08YQ2A,3637
BBR17,RAPID,IDLE,,,,AAB008YM2036A,,21-11-12 10:27,,,
BBR18,RAPID,RUNNING,P44NIK609,2200,010YKNI037,ANI010YK3001A,21-11-12 14:38,21-11-12 06:36,DIALOG,QFN-10YK2A,10750
BBR19,RAPID,IDLE,,,,AHQ0442J3005A,,21-11-12 12:45,,,
BBR20,RAPID,IDLE,,,,ANI010YK3001A,,21-11-12 06:46,,,
BBR21,RAPID,ENG,P45ABG616,2200,008YMAB063,AAB008YM2036A,21-11-12 08:44,21-11-12 08:44,WINBOND,DFN-08YM2D,14672
BBR22,RAPID,IDLE,,,,ANV132X2C059A,,21-11-12 00:40,,,
BBR23,RAPID,IDLE,,,,ANV132X2C059A,,21-11-12 01:11,,,
BBR24,RAPID,IDLE,,,,ANV132X2C059A,,21-11-12 00:49,,,
BBR25,RAPID,RUNNING,P45HQB216,2200,0442JHQ027,AHQ0442J3005A,21-11-12 14:11,21-11-12 07:07,EMC,FPSTLGA44YBV,2323
BBR26,RAPID,ENG,,,,AAW016D53011A,21-11-11 19:06,21-11-11 19:06,,,
BBR27,RAPID,RUNNING,P46MSBT04,2200,096ECMS003,AMS096EC1002A,21-11-12 18:26,21-11-11 21:33,MTI,FBGA-96UEC,5571
BBR28,RAPID,RUNNING,P46MSBE01,2200,078U9MS017,AMS078C93001B,21-11-12 21:55,21-11-12 01:58,MTI,FBGA-78U9,6720
BBR29,RAPID,ENG,,,,AMS078C93001B,21-11-11 08:52,21-11-11 08:52,,,
BBR30,RAPID,RUNNING,P45NVJ801,2200,0086ANV178,ANV0086A1065A,21-11-12 06:00,21-11-11 21:16,PHISON,uSD08AQV-C,1529
BBR31,RAPID,RUNNING,P45NVJ823,2200,0086ANV178,ANV0086A1065A,21-11-12 12:24,21-11-12 03:17,PHISON,uSD08AQV-C,1600
BBR32,RAPID,RUNNING,P45NVJ804,2200,0086ANV178,ANV0086A1065A,21-11-12 12:01,21-11-12 03:20,PHISON,uSD08AQV-C,1521
BBR33,RAPID,RUNNING,P45NVJ802,2200,0086ANV178,ANV0086A1065A,21-11-12 18:51,21-11-12 10:05,PHISON,uSD08AQV-C,1537
BBR34,RAPID,RUNNING,P45AWEK15,2200,016D5AW011,AAW016D53004A,21-11-13 03:06,21-11-12 11:02,MXIC,SSLGA16DOU,1240
BBR35,RAPID,RUNNING,P46MSBP02,2200,096ECMS003,AMS096EC1002A,21-11-12 12:35,21-11-11 15:44,MTI,FBGA-96UEC,5560
BBR36,RAPID,IN-REPAIR,P46MSBR05,2200,096ECMS003,AMS096EC1002A,21-11-12 19:14:46,21-11-12 12:43,MTI,FBGA-96UEC,5537
BBR37,RAPID,IDLE,,,,AHQ0445T2007A,,21-11-11 19:11,,,
BBR38,RAPID,IDLE,,,,AMS096EC1002A,,21-11-11 19:11,,,
BBR39,RAPID,IDLE,,,,ANV132X2C059A,,21-11-11 19:12,,,
BBR40,RAPID,IDLE,,,,ANV132X2C059A,,21-11-11 19:13,,,
BBR41,RAPID,IDLE,,,,ANV132X2C059A,,21-11-11 22:09,,,
BBR42,RAPID,WAIT-REPAIR,P46MSB407,2200,078U9MS017,AMS078C93001B,21-11-12 15:20:15,21-11-12 11:57,MTI,FBGA-78U9,2761
BBR43,RAPID,SETUP,,,,AMS078EP1001A,21-11-12 14:43,21-11-12 13:19,,,
BBR44,RAPID,WAIT-SETUP,,,,AMS078EP1001A,,21-11-12 13:14,,,
BBR45,RAPID,ENG,,,,AMS078EP1001A,21-11-12 11:30,21-11-12 11:30,,,
BBR46,RAPID,RUNNING,P45NVJH26,2200,132X2NV158,ANV132X2C059A,21-11-13 00:02,21-11-10 03:43,PHISON,STBGA132G4VT,1060
BBR47,RAPID,SETUP,,,,AMS078EP1001A,21-11-12 14:18,21-11-12 12:54,,,
BBR48,RAPID,WAIT-SETUP,,,,AMS078EP1001A,,21-11-12 09:55,,,
BBR49,RAPID,IDLE,,,,ANV132X2C059A,,21-11-12 04:48,,,
BBR50,RAPID,RUNNING,P45NVJG53,2200,132X2NV158,ANV132X2C059A,21-11-12 12:15,21-11-10 01:16,PHISON,STBGA132G4VT,4813
BBR51,RAPID,RUNNING,P46MSB304,2200,078U9MS017,AMS078C93001B,21-11-13 01:01,21-11-12 05:04,MTI,FBGA-78U9,6720
BBR52,RAPID,IDLE,,,,ANV132X2C059A,,21-11-12 10:02,,,
BBR53,RAPID,IDLE,,,,ANV132X2C059A,,21-11-11 10:05,,,
BBR54,RAPID,RUNNING,P46MSBG02,2200,078U9MS017,AMS078C93001B,21-11-13 05:48,21-11-12 09:51,MTI,FBGA-78U9,6720
BBR55,RAPID,WAIT-SETUP,,,,AMS078C93001B,,21-11-12 13:03,,,
BBR56,RAPID,IDLE,,,,ANV132X2C019A,,21-11-11 16:06,,,
BBR57,RAPID,IDLE,,,,ANV132X2C019A,,21-11-11 16:12,,,
BBR58,RAPID,SETUP,,,,AMS078C93001B,21-11-12 14:50,21-11-12 13:26,,,
BBR59,RAPID,WAIT-REPAIR,,,,AMS096EC1002A,,21-11-11 17:22,,,
BBR60,RAPID,RUNNING,P46MSAZ02,2200,078U9MS017,AMS078C93001B,21-11-12 13:03,21-11-11 17:06,MTI,FBGA-78U9,6720
BBR61,RAPID,RUNNING,P46MSB301,2200,078U9MS017,AMS078C93001B,21-11-12 15:32,21-11-11 19:42,MTI,FBGA-78U9,6680
BBR62,RAPID,WAIT-SETUP,,,,AMS078C93001B,,21-11-12 13:05,,,
BBR63,RAPID,WAIT-SETUP,,,,AMS078C93001B,,21-11-12 13:07,,,
BBR64,RAPID,WAIT-SETUP,,,,AMS078C93001B,,21-11-12 13:09,,,
BBR65,RAPID,WAIT-SETUP,,,,AMS078C93001B,,21-11-12 13:12,,,
BBR66,RAPID,IDLE,,,,ANV132X2C019A,,21-11-12 10:26,,,
BBR67,RAPID,RUNNING,P46MSAZ03,2200,078U9MS017,AMS078C93001B,21-11-12 15:44,21-11-11 19:47,MTI,FBGA-78U9,6720
BBR68,RAPID,RUNNING,P46MSBE04,2200,078U9MS017,AMS078C93001B,21-11-13 00:59,21-11-12 05:10,MTI,FBGA-78U9,6677
BBR69,RAPID,IDLE,,,,ANV132X2C059A,,21-11-12 02:59,,,
BBR70,RAPID,IDLE,,,,ANV132X2C019A,,21-11-12 03:02,,,
BBR71,RAPID,RUNNING,P46MSBU03,2200,096ECMS003,AMS096EC1002A,21-11-13 07:39,21-11-12 10:45,MTI,FBGA-96UEC,5575
BBR72,RAPID,RUNNING,P46MSB503,2200,078U9MS017,AMS078C93001B,21-11-12 11:27,21-11-12 09:54,MTI,FBGA-78U9,495
BBR73,RAPID,ENG,,,,AAW016D53011A,21-11-09 10:43,21-11-09 10:43,,,
BBR74,RAPID,RUNNING,P46MSBQ07,2200,096ECMS003,AMS096EC1002A,21-11-13 04:43,21-11-12 08:40,MTI,FBGA-96UEC,5347
BBR75,RAPID,RUNNING,P46MSBT05,2200,096ECMS003,AMS096EC1002A,21-11-12 21:31,21-11-12 00:35,MTI,FBGA-96UEC,5586
BBR76,RAPID,RUNNING,P46MSBT01,2200,096ECMS003,AMS096EC1002A,21-11-12 14:00,21-11-11 17:00,MTI,FBGA-96UEC,5599
BBR77,RAPID,RUNNING,P46MSB502,2200,078U9MS017,AMS078C93001B,21-11-13 05:51,21-11-12 10:01,MTI,FBGA-78U9,6680
BBR78,RAPID,RUNNING,P46MSBR06,2200,096ECMS003,AMS096EC1002A,21-11-12 13:40,21-11-11 16:57,MTI,FBGA-96UEC,5527
BBR79,RAPID,RUNNING,P46MSBQ05,2200,096ECMS003,AMS096EC1002A,21-11-13 04:49,21-11-12 07:50,MTI,FBGA-96UEC,5599
BBR80,RAPID,RUNNING,P46MSBQ06,2200,096ECMS003,AMS096EC1002A,21-11-13 04:58,21-11-12 07:59,MTI,FBGA-96UEC,5599
BBR81,RAPID,IDLE,,,,ANV132X2C059A,,21-11-11 23:53,,,
BBR82,RAPID,RUNNING,P45LWAD01,2200,078U9LW014,ALW078C93002A,21-11-13 02:21,21-11-12 07:01,MTI-S,FBGA-78U9,6360
BBR83,RAPID,WAIT-SETUP,P45LWA701,2200,078U9LW014,ALW078C93002A,21-11-12 05:28:08,21-11-12 13:10,MTI-S,FBGA-78U9,6691
BBR84,RAPID,IDLE,,,,ANV132X2C059A,,21-11-11 23:51,,,
BBR85,RAPID,RUNNING,P45LWAB02,2200,078U9LW014,ALW078C93002A,21-11-12 17:07,21-11-11 20:23,MTI-S,FBGA-78U9,6826
BBR86,RAPID,WAIT-REPAIR,,,,AAW016D53004A,,21-11-11 20:37,,,
BBR87,RAPID,RUNNING,P46MSBT07,2200,096ECMS003,AMS096EC1002A,21-11-13 01:44,21-11-12 04:56,MTI,FBGA-96UEC,5546
BBR88,RAPID,RUNNING,P46MSBT06,2200,096ECMS003,AMS096EC1002A,21-11-12 21:22,21-11-12 00:26,MTI,FBGA-96UEC,5582
BBR89,RAPID,RUNNING,P46MSBE06,2200,078U9MS017,AMS078C93001B,21-11-13 05:46,21-11-12 09:57,MTI,FBGA-78U9,6672
BBR90,RAPID,IDLE,,,,ANV132X2C019A,,21-11-12 03:05,,,
BBR91,RAPID,RUNNING,P44NIJZ10,2200,010YKNI037,ANI010YK3001A,21-11-12 14:40,21-11-12 06:38,DIALOG,QFN-10YK2A,10741
BBR92,RAPID,ENG,,,,AMF088Y23001A,21-11-11 03:02,21-11-11 03:02,,,
BBR93,RAPID,ENG,P45ABG502,2200,008YMAB063,AAB008YM2036A,21-11-12 08:44,21-11-12 08:44,WINBOND,DFN-08YM2D,16000
BBR94,RAPID,ENG,P45ABG506,2200,008YMAB063,AAB008YM2036A,21-11-12 08:44,21-11-12 08:44,WINBOND,DFN-08YM2D,16000
BBR95,RAPID,ENG,P45ABG608,2200,008YMAB063,AAB008YM2036A,21-11-12 08:44,21-11-12 08:44,WINBOND,DFN-08YM2D,16000
BBR96,RAPID,RUNNING,P45HQB409,2200,0442JHQ031,AHQ0442J4001A,21-11-12 13:35,21-11-12 05:47,EMC,FPSTLGA44X4V,1845
BBR97,RAPID,IDLE,,,,ANI010YK3001A,,21-11-11 15:48,,,
BBR98,RAPID,ENG,P45ABG501,2200,008YMAB063,AAB008YM2036A,21-11-12 09:03,21-11-12 09:03,WINBOND,DFN-08YM2D,16000
BBR99,RAPID,ENG,,,,AAS067KQ1001A,21-10-29 07:29,21-10-29 07:29,,,
BBRA1,RAPID,IDLE,,,,AHQ0445T2007A,,21-11-11 17:10,,,
BBRA2,RAPID,IDLE,,,,ANV132X2C059A,,21-11-11 17:16,,,
BBRA3,RAPID,IDLE,,,,ANV132X2C059A,,21-11-12 01:21,,,
BBRA4,RAPID,RUNNING,P44NIK610,2200,010YKNI037,ANI010YK3001A,21-11-12 14:43,21-11-12 06:41,DIALOG,QFN-10YK2A,10750
BBRA5,RAPID,IDLE,,,,AAB008YQ2005A,,21-11-12 09:10,,,
BBRA6,RAPID,RUNNING,P45ABKM06,2200,008YQAB085,AAB008YQ2045A,21-11-12 16:16,21-11-12 08:09,WINBOND,STDFN-08YQ2A,4320
BBRA7,RAPID,ENG,P45ABG508,2200,008YMAB063,AAB008YM2036A,21-11-12 08:44,21-11-12 08:44,WINBOND,DFN-08YM2D,16000
BBRA8,RAPID,IDLE,,,,ANV132X2C059A,,21-11-11 22:23,,,
BBRA9,RAPID,ENG,P45ABG613,2200,008YMAB063,AAB008YM2036A,21-11-12 08:48,21-11-12 08:48,WINBOND,DFN-08YM2D,16000
BBRB1,RAPID,IDLE,,,,AHQ0442J3005A,,21-11-12 12:55,,,
BBRB2,RAPID,IDLE,,,,AHQ0442J3005A,,21-11-12 10:30,,,
BBRB3,RAPID,IDLE,,,,ANI010YK3001A,,21-11-11 22:10,,,
BBRB4,RAPID,IDLE,,,,ANV132X2C059A,,21-11-12 00:47,,,
BBRB5,RAPID,RUNNING,P45NIB805,2200,010YKNI037,ANI010YK3001A,21-11-12 09:39,21-11-12 02:05,DIALOG,QFN-10YK2A,10118
BBRB6,RAPID,IDLE,,,,ANI010YK3001A,,21-11-12 01:48,,,
BBRB7,RAPID,IDLE,,,,ANV132X2C059A,,21-11-11 16:30,,,
BBS01,ICONN-PLUS,RUNNING,P45NVJL03,2200,153XTNV067,ANV153XT8010A,21-11-13 03:27,21-11-12 09:54,PHISON,SSBGA153HEV,1736
BBS02,ICONN-PLUS,RUNNING,P45NVJL02,2200,153XTNV067,ANV153XT8010A,21-11-12 22:17,21-11-12 04:12,PHISON,SSBGA153HEV,1790
BBS03,ICONN-PLUS,RUNNING,P45NVJL01,2200,153XTNV067,ANV153XT8010A,21-11-13 03:32,21-11-12 09:43,PHISON,SSBGA153HEV,1763
BBS04,ICONN-PLUS,RUNNING,P45NVJL04,2200,153XTNV067,ANV153XT8010A,21-11-13 00:19,21-11-12 06:28,PHISON,SSBGA153HEV,1767
BBS05,ICONN-PLUS,RUNNING,P46MSBE03,2200,078U9MS017,AMS078C93001B,21-11-13 03:33,21-11-12 07:19,MTI,FBGA-78U9,6692
BBS06,ICONN-PLUS,RUNNING,P46MSBB02,2200,078U9MS017,AMS078C93001B,21-11-12 20:48,21-11-12 06:47,MTI,FBGA-78U9,4628
BBS07,ICONN-PLUS,RUNNING,P46MSBI04,2200,078U9MS017,AMS078C93001B,21-11-13 03:34,21-11-12 07:15,MTI,FBGA-78U9,6720
BBS08,ICONN-PLUS,RUNNING,P46MSBA02,2200,078U9MS017,AMS078C93001B,21-11-12 13:17,21-11-12 09:00,MTI,FBGA-78U9,1395
BBS09,ICONN-PLUS,ENG,,,,ANI008YK3002A,21-11-06 11:27,21-11-06 11:27,,,
BBS10,ICONN-PLUS,IDLE,,,,ANV153XT8010A,,21-11-12 06:05,,,
BBU01,UTC5000S,RUNNING,P43RKB402,2200,078EPRK001,ARK078EP1001A,21-11-12 06:30,21-11-11 07:48,RK,FBGA-78UEP,5920
BBU02,UTC5000S,RUNNING,P43RKB503,2200,078EPRK001,ARK078EP1001A,21-11-12 13:45,21-11-12 03:25,RK,FBGA-78UEP,2684
BBU03,UTC5000S,RUNNING,P43RKBB02,2200,078EPRK001,ARK078EP1001A,21-11-13 11:59,21-11-12 13:17,RK,FBGA-78UEP,5919
BBU04,UTC5000S,RUNNING,P45AWE421,2200,016D5AW011,AAW016D53004A,21-11-12 16:05,21-11-12 04:26,MXIC,SSLGA16DOU,1240
BBU05,UTC5000S,RUNNING,P43RKB802,2200,078EPRK001,ARK078EP1001A,21-11-13 02:27,21-11-12 03:45,RK,FBGA-78UEP,5920
BBU06,UTC5000S,IN-REPAIR,P43RKB801,2200,078EPRK001,ARK078EP1001A,21-11-12 17:37:24,21-11-12 09:47,RK,FBGA-78UEP,5889
BBU07,UTC5000S,RUNNING,P45AWEY08,2200,016D5AW021,AAW016D53019A,21-11-12 21:44,21-11-12 07:44,MXIC,SSLGA16DOU,1259
BBU08,UTC5000S,IDLE,,,,AMS078EN1001A,,21-11-11 22:38,,,
BBU09,UTC5000S,RUNNING,P45AWDH23,2200,048TPAW086,AAW048TP1041B,21-11-12 17:45,21-11-12 09:18,MXIC,TSOP1-48/M2,720
BBU10,UTC5000S,RUNNING,P46AWA219,2200,048TPAW103,AAW048TP1008B,21-11-12 21:29,21-11-12 11:29,MXIC,TSOP1-48/M2,720
BBU11,UTC5000S,RUNNING,P45CDA306,2200,054TNCD011,ACD054TA1007A,21-11-12 13:55,21-11-12 06:43,ETRON,TSOP2-54ME,2880
BBU12,UTC5000S,RUNNING,P45AWDH41,2200,048TPAW086,AAW048TP1041B,21-11-12 16:16,21-11-12 07:49,MXIC,TSOP1-48/M2,720
BBU13,UTC5000S,RUNNING,P45AWE301,2200,048TPAW086,AAW048TP1041B,21-11-12 18:52,21-11-12 10:25,MXIC,TSOP1-48/M2,720
BBU14,UTC5000S,WAIT-REPAIR,P45AWBY18,2200,048TPAW086,AAW048TP1041B,21-11-12 00:17:20,21-11-12 13:13,MXIC,TSOP1-48/M2,720
BBU15,UTC5000S,SETUP,,,,AMS078EP1001A,21-11-12 14:15,21-11-12 12:51,,,
BBU16,UTC5000S,RUNNING,P45AWEY18,2200,016D5AW021,AAW016D53019A,21-11-12 19:07,21-11-12 05:27,MXIC,SSLGA16DOU,1230
BBU17,UTC5000S,RUNNING,P43RKAS01,2200,078EPRK001,ARK078EP1001A,21-11-10 17:26,21-11-09 18:51,RK,FBGA-78UEP,5888
BBU18,UTC5000S,ENG,,,,AMS078EP1001A,21-11-12 13:22,21-11-12 13:22,,,
BBU19,UTC5000S,RUNNING,P45CDA212,2200,054TNCD011,ACD054TA1007A,21-11-10 20:04,21-11-10 12:53,ETRON,TSOP2-54ME,2880
BBU20,UTC5000S,RUNNING,P45AWE302,2200,048TPAW086,AAW048TP1041B,21-11-12 14:11,21-11-12 05:44,MXIC,TSOP1-48/M2,720
BBU21,UTC5000S,RUNNING,P45AWE418,2200,016D5AW011,AAW016D53004A,21-11-12 17:24,21-11-12 05:36,MXIC,SSLGA16DOU,1255
BBU22,UTC5000S,IDLE,,,,ACD054TA1007A,,21-11-12 13:27,,,
BBU23,UTC5000S,SETUP,,,,AMS078EP1001A,21-11-12 14:50,21-11-12 13:26,,,
BBU24,UTC5000S,RUNNING,P45AWDH31,2200,048TPAW086,AAW048TP1041B,21-11-12 16:21,21-11-12 07:54,MXIC,TSOP1-48/M2,720
BBU25,UTC5000S,RUNNING,P45CDA403,2200,054TNCD011,ACD054TA1007A,21-11-12 16:23,21-11-12 09:12,ETRON,TSOP2-54ME,2880
BBU26,UTC5000S,ENG,,,,AMS078C93001B,21-11-12 09:47,21-11-12 09:47,,,
BBU27,UTC5000S,RUNNING,P45AWEY24,2200,016D5AW021,AAW016D53019A,21-11-12 23:59,21-11-12 10:21,MXIC,SSLGA16DOU,1227
BBU28,UTC5000S,RUNNING,P45AWE305,2200,048TPAW086,AAW048TP1041B,21-11-12 16:24,21-11-12 07:57,MXIC,TSOP1-48/M2,720
BBU29,UTC5000S,ENG,,,,AMS078C93001B,21-11-12 10:54,21-11-12 10:54,,,
BBU30,UTC5000S,RUNNING,P45AWE415,2200,016D5AW011,AAW016D53004A,21-11-12 19:15,21-11-12 07:26,MXIC,SSLGA16DOU,1259
BBU31,UTC5000S,RUNNING,P43RKB902,2200,078EPRK001,ARK078EP1001A,21-11-13 01:07,21-11-12 02:07,RK,FBGA-78UEP,6000
BBU32,UTC5000S,RUNNING,P45AWEY07,2200,016D5AW021,AAW016D53019A,21-11-12 13:51,21-11-11 23:45,MXIC,SSLGA16DOU,1269
BBU33,UTC5000S,SETUP,P45AWEK04,2200,016D5AW011,AAW016D53004A,21-11-12 13:31,21-11-12 13:01,MXIC,SSLGA16DOU,1249
BBU34,UTC5000S,RUNNING,P45AWEY22,2200,016D5AW021,AAW016D53019A,21-11-12 21:37,21-11-12 08:03,MXIC,SSLGA16DOU,1220
BBU35,UTC5000S,RUNNING,P45AWCZ29,2200,048TPAW086,AAW048TP1041B,21-11-12 16:28,21-11-12 08:01,MXIC,TSOP1-48/M2,720
BBU36,UTC5000S,RUNNING,P43RKAP01,2200,078EPRK001,ARK078EP1001A,21-11-08 11:09,21-11-07 12:35,RK,FBGA-78UEP,5882
BBU37,UTC5000S,RUNNING,P45AWE318,2200,048TPAW086,AAW048TP1041B,21-11-12 18:29,21-11-12 10:02,MXIC,TSOP1-48/M2,720
BBU38,UTC5000S,RUNNING,P45ABGG11,2200,054TNAB041,AAB054TN1005A,21-11-12 13:09,21-11-12 04:28,WINBOND,TSOP2-54ME,2880
BBU39,UTC5000S,WAIT-REPAIR,,,,AAW016D53011A,,21-10-24 09:42,,,
BBU40,UTC5000S,ENG,,,,AMS078C93001B,21-11-12 09:44,21-11-12 09:44,,,
BBU41,UTC5000S,RUNNING,P45ABGG03,2200,054TNAB041,AAB054TN1005A,21-11-12 14:28,21-11-12 05:46,WINBOND,TSOP2-54ME,2880
BBU42,UTC5000S,RUNNING,P45ABGG05,2200,054TNAB041,AAB054TN1005A,21-11-12 20:45,21-11-12 12:03,WINBOND,TSOP2-54ME,2880
BBU43,UTC5000S,RUNNING,P45CDA409,2200,054TNCD011,ACD054TA1007A,21-11-12 18:44,21-11-12 11:33,ETRON,TSOP2-54ME,2880
BBU44,UTC5000S,RUNNING,P45AWDH26,2200,048TPAW086,AAW048TP1041B,21-11-12 13:28,21-11-12 05:01,MXIC,TSOP1-48/M2,720
BBU45,UTC5000S,RUNNING,P43RKAQ02,2200,078EPRK001,ARK078EP1001A,21-11-08 19:04,21-11-07 20:48,RK,FBGA-78UEP,5804
BBU46,UTC5000S,RUNNING,P43RKAR03,2200,078EPRK001,ARK078EP1001A,21-11-11 01:02,21-11-10 15:32,RK,FBGA-78UEP,2465
BBU47,UTC5000S,ENG,,,,AMS078C93001B,21-11-12 08:31,21-11-12 08:31,,,
BBU48,UTC5000S,RUNNING,P45AWCZ44,2200,048TPAW086,AAW048TP1041B,21-11-12 18:34,21-11-12 10:07,MXIC,TSOP1-48/M2,720
BBU49,UTC5000S,RUNNING,P45AWBQ17,2200,048TPAW086,AAW048TP1041B,21-11-12 18:32,21-11-11 10:06,MXIC,TSOP1-48/M2,720
BBU50,UTC5000S,RUNNING,P45AWE316,2200,048TPAW086,AAW048TP1041B,21-11-12 20:06,21-11-12 11:39,MXIC,TSOP1-48/M2,720
BBU51,UTC5000S,RUNNING,P45AWE309,2200,048TPAW086,AAW048TP1041B,21-11-12 16:52,21-11-12 08:25,MXIC,TSOP1-48/M2,720
BBU52,UTC5000S,RUNNING,P45AWE419,2200,016D5AW011,AAW016D53004A,21-11-12 19:36,21-11-12 07:58,MXIC,SSLGA16DOU,1239
BBU53,UTC5000S,IN-REPAIR,P45ABGG08,2200,054TNAB041,AAB054TN1005A,21-11-12 14:11:43,21-11-12 13:12,WINBOND,TSOP2-54ME,2880
BBU54,UTC5000S,RUNNING,P45AWCZ35,2200,048TPAW086,AAW048TP1041B,21-11-12 07:56,21-11-11 23:29,MXIC,TSOP1-48/M2,720
BBU55,UTC5000S,RUNNING,P45AWBY11,2200,048TPAW086,AAW048TP1041B,21-11-12 15:18,21-11-12 06:51,MXIC,TSOP1-48/M2,720
BBU56,UTC5000S,SETUP,,,,AMS078EP1001A,21-11-12 10:39,21-11-12 09:59,,,
BBU57,UTC5000S,RUNNING,P45AWE319,2200,048TPAW086,AAW048TP1041B,21-11-12 16:32,21-11-12 08:05,MXIC,TSOP1-48/M2,720
BBU58,UTC5000S,RUNNING,P43RKB901,2200,078EPRK001,ARK078EP1001A,21-11-13 01:56,21-11-12 02:56,RK,FBGA-78UEP,6000
BBU59,UTC5000S,RUNNING,P45CDA408,2200,054TNCD011,ACD054TA1007A,21-11-12 17:46,21-11-12 10:35,ETRON,TSOP2-54ME,2880
BBU60,UTC5000S,RUNNING,P45AWDH01,2200,048TPAW086,AAW048TP1041B,21-11-12 13:59,21-11-12 05:32,MXIC,TSOP1-48/M2,720
BBU61,UTC5000S,RUNNING,P43RKB502,2200,078EPRK001,ARK078EP1001A,21-11-12 11:45,21-11-11 13:12,RK,FBGA-78UEP,5880
BBU62,UTC5000S,RUNNING,P45AWDH30,2200,048TPAW086,AAW048TP1041B,21-11-12 13:06,21-11-12 04:39,MXIC,TSOP1-48/M2,720
BBU63,UTC5000S,RUNNING,P45AWE337,2200,048TPAW086,AAW048TP1041B,21-11-12 21:48,21-11-12 13:21,MXIC,TSOP1-48/M2,720
BBU64,UTC5000S,RUNNING,P45AWE335,2200,048TPAW086,AAW048TP1041B,21-11-12 21:08,21-11-12 12:41,MXIC,TSOP1-48/M2,720
BBU65,UTC5000S,ENG,,,,AMS078EP1001A,21-11-12 10:43,21-11-12 10:43,,,
BBU66,UTC5000S,RUNNING,P43RKAX01,2200,078EPRK001,ARK078EP1001A,21-11-12 00:31,21-11-11 01:31,RK,FBGA-78UEP,6000
BBU67,UTC5000S,RUNNING,P43RKB501,2200,078EPRK001,ARK078EP1001A,21-11-12 10:23,21-11-11 12:01,RK,FBGA-78UEP,5833
BBU68,UTC5000S,RUNNING,P45ABGI14,2200,054TNAB041,AAB054TN1005A,21-11-12 20:54,21-11-12 12:12,WINBOND,TSOP2-54ME,2880
BBU69,UTC5000S,WAIT-SETUP,P45AWE341,2200,048TPAW086,AAW048TP1041B,21-11-12 21:04:38,21-11-12 12:38,MXIC,TSOP1-48/M2,720
BBU70,UTC5000S,IDLE,,,,AAW016D53004A,,21-11-12 13:27,,,
BBU71,UTC5000S,RUNNING,P45AWE303,2200,048TPAW086,AAW048TP1041B,21-11-12 17:09,21-11-12 08:42,MXIC,TSOP1-48/M2,720
BBU72,UTC5000S,RUNNING,P45AWDH08,2200,048TPAW086,AAW048TP1041B,21-11-12 20:33,21-11-12 12:06,MXIC,TSOP1-48/M2,720
BBU73,UTC5000S,RUNNING,P45AWE417,2200,016D5AW011,AAW016D53004A,21-11-12 13:47,21-11-12 02:13,MXIC,SSLGA16DOU,1231
BBU74,UTC5000S,RUNNING,P45NVJH55,2200,132X2NV158,ANV132X2C059A,21-11-12 14:23,21-11-11 16:14,PHISON,STBGA132G4VT,1907
BBU75,UTC5000S,WAIT-SETUP,P45AWE424,2200,016D5AW011,AAW016D53004A,21-11-12 17:57:19,21-11-12 13:14,MXIC,SSLGA16DOU,1220
BBU76,UTC5000S,RUNNING,P45AWE306,2200,048TPAW086,AAW048TP1041B,21-11-12 17:11,21-11-12 08:44,MXIC,TSOP1-48/M2,720
BBU77,UTC5000S,RUNNING,P45AWE405,2200,016D5AW011,AAW016D53004A,21-11-12 16:37,21-11-12 04:48,MXIC,SSLGA16DOU,1260
BBU78,UTC5000S,RUNNING,P45AWEK19,2200,016D5AW011,AAW016D53004A,21-11-12 23:20,21-11-12 11:39,MXIC,SSLGA16DOU,1244
BBU79,UTC5000S,RUNNING,P45AWDH40,2200,048TPAW086,AAW048TP1041B,21-11-12 13:32,21-11-12 05:05,MXIC,TSOP1-48/M2,720
BBU80,UTC5000S,RUNNING,P45AWEY15,2200,016D5AW021,AAW016D53019A,21-11-13 02:56,21-11-12 13:20,MXIC,SSLGA16DOU,1224
BBU81,UTC5000S,RUNNING,P45AWCZ23,2200,048TPAW086,AAW048TP1041B,21-11-12 19:40,21-11-12 11:13,MXIC,TSOP1-48/M2,720
BBU82,UTC5000S,RUNNING,P43RKB202,2200,078EPRK001,ARK078EP1001A,21-11-12 01:32,21-11-11 02:41,RK,FBGA-78UEP,5960
BBU83,UTC5000S,RUNNING,P45AWE323,2200,048TPAW086,AAW048TP1041B,21-11-12 21:07,21-11-12 12:39,MXIC,TSOP1-48/M2,720
BBU84,UTC5000S,IDLE,,,,AMS078EN1001A,,21-11-11 18:55,,,
BBU85,UTC5000S,RUNNING,P45AWEY12,2200,016D5AW021,AAW016D53019A,21-11-12 17:41,21-11-12 03:43,MXIC,SSLGA16DOU,1258
BBU86,UTC5000S,RUNNING,P43RKB603,2200,078EPRK001,ARK078EP1001A,21-11-12 16:24,21-11-12 07:09,RK,FBGA-78UEP,2400
BBU87,UTC5000S,RUNNING,P43RKAX02,2200,078EPRK001,ARK078EP1001A,21-11-11 05:02,21-11-10 06:02,RK,FBGA-78UEP,6000
BBU88,UTC5000S,RUNNING,P45AWDH37,2200,048TPAW086,AAW048TP1041B,21-11-12 19:47,21-11-12 11:20,MXIC,TSOP1-48/M2,720
BBU89,UTC5000S,RUNNING,P45AWE310,2200,048TPAW086,AAW048TP1041B,21-11-12 21:11,21-11-12 12:44,MXIC,TSOP1-48/M2,720
BBU90,UTC5000S,RUNNING,P45AWDH09,2200,048TPAW086,AAW048TP1041B,21-11-12 16:32,21-11-12 08:05,MXIC,TSOP1-48/M2,720
BBU91,UTC5000S,RUNNING,P45AWE416,2200,016D5AW011,AAW016D53004A,21-11-12 22:18,21-11-12 10:37,MXIC,SSLGA16DOU,1245
BBU92,UTC5000S,RUNNING,P45AWE412,2200,016D5AW011,AAW016D53004A,21-11-12 15:02,21-11-12 03:02,MXIC,SSLGA16DOU,1277
BBU93,UTC5000S,RUNNING,P45AWE423,2200,016D5AW011,AAW016D53004A,21-11-12 22:56,21-11-12 11:31,MXIC,SSLGA16DOU,1216
BBU94,UTC5000S,RUNNING,P45AWE407,2200,016D5AW011,AAW016D53004A,21-11-12 17:46,21-11-12 06:12,MXIC,SSLGA16DOU,1232
BBU95,UTC5000S,RUNNING,P45AWE311,2200,048TPAW086,AAW048TP1041B,21-11-12 19:06,21-11-12 10:39,MXIC,TSOP1-48/M2,720
BBU96,UTC5000S,RUNNING,P45AWEK08,2200,016D5AW011,AAW016D53004A,21-11-12 22:48,21-11-12 11:04,MXIC,SSLGA16DOU,1249
BBU97,UTC5000S,RUNNING,P45AWDH13,2200,048TPAW086,AAW048TP1041B,21-11-12 19:53,21-11-12 11:26,MXIC,TSOP1-48/M2,720
BBU98,UTC5000S,RUNNING,P45AWEY17,2200,016D5AW021,AAW016D53019A,21-11-12 16:37,21-11-12 02:47,MXIC,SSLGA16DOU,1245
BBU99,UTC5000S,RUNNING,P45AWE426,2200,016D5AW011,AAW016D53004A,21-11-12 20:40,21-11-12 08:58,MXIC,SSLGA16DOU,1246
BBUA1,UTC5000S,RUNNING,P45AWE411,2200,016D5AW011,AAW016D53004A,21-11-12 16:46,21-11-12 05:12,MXIC,SSLGA16DOU,1231
BBUA2,UTC5000S,QC,P45AWDH28,2200,048TPAW086,AAW048TP1041B,,,MXIC,TSOP1-48/M2,720
BBUA3,UTC5000S,RUNNING,P45AWCZ20,2200,048TPAW086,AAW048TP1041B,21-11-12 07:25,21-11-11 22:58,MXIC,TSOP1-48/M2,720
BBUA4,UTC5000S,RUNNING,P45AWE315,2200,048TPAW086,AAW048TP1041B,21-11-12 17:56,21-11-12 09:29,MXIC,TSOP1-48/M2,720
BBUA5,UTC5000S,RUNNING,P45AWDH03,2200,048TPAW086,AAW048TP1041B,21-11-12 15:22,21-11-12 06:54,MXIC,TSOP1-48/M2,720
BBUA6,UTC5000S,RUNNING,P45AWE340,2200,048TPAW086,AAW048TP1041B,21-11-12 19:17,21-11-12 10:50,MXIC,TSOP1-48/M2,720
BBUA7,UTC5000S,RUNNING,P45AWEH06,2200,016D5AW021,AAW016D53019A,21-11-12 23:57,21-11-12 10:14,MXIC,SSLGA16DOU,1234
BBUA8,UTC5000S,RUNNING,P45AWEY10,2200,016D5AW021,AAW016D53019A,21-11-12 22:40,21-11-12 08:54,MXIC,SSLGA16DOU,1238
BBUA9,UTC5000S,RUNNING,P45AWEY03,2200,016D5AW021,AAW016D53019A,21-11-12 19:24,21-11-12 05:38,MXIC,SSLGA16DOU,1239
BBUB1,UTC5000S,RUNNING,P46AWA208,2200,048TPAW103,AAW048TP1008B,21-11-12 16:34,21-11-12 06:34,MXIC,TSOP1-48/M2,720
BBUB2,UTC5000S,RUNNING,P45AWE313,2200,048TPAW086,AAW048TP1041B,21-11-12 19:09,21-11-12 10:42,MXIC,TSOP1-48/M2,720
BBUB3,UTC5000S,RUNNING,P45AWCZ15,2200,048TPAW086,AAW048TP1041B,21-11-12 13:35,21-11-12 05:08,MXIC,TSOP1-48/M2,720
BBUB4,UTC5000S,RUNNING,P45AWE425,2200,016D5AW011,AAW016D53004A,21-11-12 22:32,21-11-12 10:53,MXIC,SSLGA16DOU,1240
BBUB5,UTC5000S,RUNNING,P45AWE304,2200,048TPAW086,AAW048TP1041B,21-11-12 20:06,21-11-12 11:39,MXIC,TSOP1-48/M2,720
BBUB6,UTC5000S,RUNNING,P45AWE321,2200,048TPAW086,AAW048TP1041B,21-11-12 20:08,21-11-12 11:41,MXIC,TSOP1-48/M2,720
BBUB7,UTC5000S,RUNNING,P45AWE409,2200,016D5AW011,AAW016D53004A,21-11-12 20:18,21-11-12 08:58,MXIC,SSLGA16DOU,1206
