BB211,04-17 08:30:00 > 04-17 10:30:00
BB212,04-18 08:40:00 > 04-18 11:34:00,04-20 04:38:47 > 04-20 06:38:47
BB213,04-17 17:43:00 > 04-17 20:31:00,04-20 02:54:22 > 04-20 04:54:22
BB214,04-17 08:39:00 > 04-17 10:03:00
BB215,04-17 12:26:00 > 04-17 14:20:00,04-19 10:27:23 > 04-19 12:27:23,04-20 05:41:31 > 04-20 07:41:31
BB216,04-17 09:55:00 > 04-17 11:19:00,04-20 22:54:04 > 04-21 00:18:04
BB217,04-17 14:15:08 > 04-17 15:39:08
BB218,04-17 19:48:00 > 04-17 22:42:00,04-19 12:01:21 > 04-19 14:01:21
BB219,04-17 08:30:00 > 04-17 10:30:00
BB220,04-17 12:37:00 > 04-17 14:37:00,04-19 01:29:24 > 04-19 03:29:24
BB223,04-17 15:10:00 > 04-17 17:10:00,04-19 13:23:49 > 04-19 15:23:49
BB225,04-18 00:50:00 > 04-18 03:38:00,04-19 08:01:41 > 04-19 10:01:41
BB226,04-17 11:16:00 > 04-17 13:10:00,04-18 06:11:33 > 04-18 08:11:33
BB228,04-17 12:00:00 > 04-17 13:54:00,04-18 19:46:30 > 04-18 21:46:30
BB229,04-17 20:06:00 > 04-17 23:00:00,04-19 03:10:14 > 04-19 05:10:14
BB230,04-17 10:49:00 > 04-17 12:49:00,04-18 00:34:40 > 04-18 01:58:40
BB231,04-17 08:30:00 > 04-17 10:30:00
BB232,04-17 19:40:00 > 04-17 22:28:00,04-19 10:37:17 > 04-19 12:37:17
BB233,04-17 11:14:00 > 04-17 13:14:00,04-18 14:07:45 > 04-18 16:07:45
BB234,04-17 10:46:00 > 04-17 12:46:00,04-19 01:54:55 > 04-19 03:18:55,04-19 15:04:35 > 04-19 16:28:35
BB235,04-17 09:11:00 > 04-17 10:35:00
BB441,04-17 10:26:00 > 04-17 12:30:00
BB442
BB443
BB444,04-17 12:44:00 > 04-17 14:38:00,04-17 22:34:32 > 04-18 00:28:32
BB445,04-17 14:18:00 > 04-17 16:18:00
BB446,04-17 11:24:00 > 04-17 13:18:00
BB447
BB448,04-17 13:19:00 > 04-17 15:19:00
BB449,04-17 22:08:00 > 04-18 00:08:00
BB451,04-17 21:44:00 > 04-17 23:44:00
BB452,04-17 08:30:00 > 04-17 12:30:00
BB453,04-17 11:20:00 > 04-17 13:14:00
BB454,04-17 11:49:00 > 04-17 13:43:00
BB455
BB456,04-17 13:17:00 > 04-17 15:11:00
BB457,04-17 13:12:00 > 04-17 15:12:00
BB458,04-17 16:44:00 > 04-17 18:44:00
BB459,04-17 14:43:00 > 04-17 16:43:00
BB460
BB461,04-17 15:58:00 > 04-17 17:58:00
BB462
BB463,04-17 10:19:00 > 04-17 12:19:00
BB465,04-17 11:36:00 > 04-17 18:30:47,04-17 18:32:48 > 04-17 19:56:48
BB466,04-17 08:30:00 > 04-17 12:30:00
BB467,04-17 10:10:00 > 04-17 12:30:00
BB468,04-17 14:17:00 > 04-17 16:17:00
BB469,04-17 09:03:00 > 04-17 12:30:00
BB470,04-17 15:26:00 > 04-17 17:26:00
BB471,04-17 22:31:00 > 04-18 00:31:00
BB472
BB473,04-17 22:31:00 > 04-18 00:31:00
BB474,04-17 15:24:00 > 04-17 17:18:00
BB475,04-17 16:45:00 > 04-17 18:45:00
BB476
BB477,04-17 08:32:00 > 04-17 10:32:00
BB478,04-17 11:41:00 > 04-17 13:35:00
BB479
BB480,04-17 16:56:00 > 04-17 18:56:00
BB482,04-17 15:06:00 > 04-17 17:06:00
BB483,04-17 08:30:00 > 04-17 12:30:00
BB484
BB485,04-17 10:54:00 > 04-17 12:54:00
BB486
BB487,04-17 14:37:00 > 04-17 16:31:00
BB488,04-17 15:25:00 > 04-17 18:19:00
BB489,04-17 12:21:00 > 04-17 14:21:00,04-17 21:17:01 > 04-17 22:41:01
BB490,04-17 14:42:00 > 04-17 16:42:00
BB496,04-17 18:56:00 > 04-17 21:50:00
BB497,04-17 18:54:00 > 04-17 21:48:00
BB498,04-17 08:30:00 > 04-17 10:30:00
BB499,04-17 12:37:00 > 04-17 14:31:00
BB500,04-17 11:57:00 > 04-17 13:51:00,04-18 05:25:21 > 04-18 06:49:21
BB501,04-17 09:23:00 > 04-17 12:30:00
BB502,04-17 09:40:00 > 04-17 12:30:00
BB503,04-17 10:38:00 > 04-17 12:38:00
BB504,04-17 12:01:00 > 04-17 14:01:00
BB505
BB506
BB507,04-17 10:07:00 > 04-17 12:01:00
BB508,04-17 12:49:00 > 04-17 14:49:00,04-17 22:52:35 > 04-18 00:46:35
BB509,04-17 13:54:00 > 04-17 15:54:00
BB510,04-17 15:54:00 > 04-17 17:48:00
BB511,04-17 09:52:00 > 04-17 12:30:00
BB512,04-17 09:37:00 > 04-17 12:30:00
BB513,04-18 00:18:00 > 04-18 02:18:00
BB514,04-17 10:13:00 > 04-17 12:30:00
BB515,04-17 13:31:00 > 04-17 15:25:00
BB516,04-17 13:01:00 > 04-17 15:01:00,04-18 02:55:48 > 04-18 05:49:48
BB517,04-17 13:12:00 > 04-17 15:12:00,04-17 23:08:32 > 04-18 01:02:32
BB519,04-17 08:50:00 > 04-17 12:30:00
BB520
BB521,04-17 13:53:00 > 04-17 15:53:00
BB522,04-17 14:41:00 > 04-17 16:41:00
BB523,04-17 11:50:00 > 04-17 13:44:00
BB524
BB525,04-17 12:56:00 > 04-17 14:56:00
BB526,04-17 11:38:00 > 04-17 13:32:00,04-18 07:32:55 > 04-18 08:56:55,04-18 20:48:11 > 04-18 22:12:11
BB527,04-17 14:18:00 > 04-17 16:18:00
BB528,04-17 17:44:00 > 04-17 20:38:00
BB529,04-17 16:10:00 > 04-17 18:10:00
BB530,04-17 16:08:00 > 04-17 18:08:00
BB531,04-17 16:41:00 > 04-17 18:41:00
BB532
BB533
BB534
BB535,04-17 11:56:00 > 04-17 13:56:00,04-18 13:38:31 > 04-18 15:02:31
BB536,04-17 09:19:00 > 04-17 12:30:00
BB537,04-17 10:53:00 > 04-17 12:47:00
BB538,04-17 08:30:00 > 04-17 10:30:00
BB539,04-17 12:44:00 > 04-17 14:44:00
BB540
BB541,04-18 02:58:00 > 04-18 05:46:00
BB542,04-17 14:55:00 > 04-17 16:49:00
BB543,04-17 10:09:00 > 04-17 12:09:00
BB544,04-17 16:48:00 > 04-17 18:48:00
BB545
BB546,04-17 11:28:00 > 04-17 13:22:00,04-18 01:13:15 > 04-18 02:37:15
BB548
BB550
BB551,04-17 12:57:00 > 04-17 14:57:00,04-17 22:53:32 > 04-18 00:47:32
BB552,04-17 13:15:00 > 04-17 15:09:00,04-17 19:07:16 > 04-17 21:07:16
BB553,04-17 09:20:00 > 04-17 12:30:00
BB554,04-17 17:35:00 > 04-17 19:35:00
BB555,04-17 08:30:00 > 04-17 12:30:00
BB556
BB557,04-17 13:07:00 > 04-17 15:07:00
BB558,04-17 17:10:00 > 04-17 19:10:00
BB559
BB560,04-17 14:11:00 > 04-17 16:05:00
BB561,04-17 11:07:00 > 04-17 13:01:00
BB562,04-17 16:33:00 > 04-17 18:33:00
BB563,04-17 08:30:00 > 04-17 10:30:00
BB564,04-17 12:35:00 > 04-17 14:29:00
BB565,04-17 11:20:00 > 04-17 13:20:00,04-17 23:28:51 > 04-18 00:52:51
BB566,04-17 13:23:00 > 04-17 15:23:00
BB567,04-17 10:58:00 > 04-17 12:58:00
BB568,04-17 08:30:00 > 04-17 10:30:00
BB569
BB570,04-17 15:55:00 > 04-17 17:55:00
BB571
BB572,04-17 14:19:00 > 04-17 16:13:00
BB573,04-17 08:30:00 > 04-17 10:30:00
BB574,04-17 22:24:00 > 04-18 00:24:00
BB575,04-17 10:48:00 > 04-17 12:48:00
BB576,04-17 10:56:00 > 04-17 12:56:00
BB577,04-17 11:33:00 > 04-17 13:27:00
BB578,04-17 11:55:00 > 04-17 13:49:00
BB579,04-17 12:45:00 > 04-17 14:45:00
BB580,04-17 16:57:00 > 04-17 18:57:00
BB581,04-17 15:39:00 > 04-17 17:39:00
BB582,04-17 11:48:00 > 04-17 13:42:00
BB583
BB584,04-17 08:57:00 > 04-17 10:57:00
BB585,04-17 23:35:00 > 04-18 01:35:00
BB586,04-17 17:02:00 > 04-17 19:02:00
BB587,04-17 15:30:00 > 04-17 17:24:00
BB588
BB589,04-17 13:25:00 > 04-17 15:19:00
BB590
BB591,04-17 18:46:00 > 04-17 20:46:00
BB592,04-17 10:53:00 > 04-17 12:53:00
BB593
BB594,04-17 15:24:00 > 04-17 17:18:00
BB595,04-17 15:16:00 > 04-17 17:10:00
BB596,04-17 09:54:00 > 04-17 12:30:00
BB597,04-17 14:16:00 > 04-17 16:16:00
BB598,04-17 11:45:00 > 04-17 14:57:37,04-17 20:53:15 > 04-17 22:17:15
BB600,04-17 15:54:00 > 04-17 17:54:00
BB601,04-17 18:18:00 > 04-17 20:18:00
BB602,04-17 11:01:00 > 04-17 12:55:00
BB604,04-17 11:07:00 > 04-17 13:07:00
BB605
BB606,04-17 08:43:00 > 04-17 12:30:00
BB607,04-17 12:23:00 > 04-17 14:23:00
BB608,04-17 13:58:00 > 04-17 15:58:00
BB609,04-17 09:52:00 > 04-17 12:30:00
BB610,04-17 13:45:00 > 04-17 15:45:00
BB611,04-17 09:49:00 > 04-17 11:49:00
BB612,04-17 18:53:00 > 04-17 20:53:00
BB613,04-17 13:20:00 > 04-17 15:20:00
BB614,04-17 08:30:00 > 04-17 12:30:00
BB615,04-17 22:17:00 > 04-18 00:17:00
BB616,04-17 17:55:00 > 04-17 20:49:00
BB617,04-17 09:14:00 > 04-17 11:08:00
BB618,04-17 12:12:00 > 04-18 01:24:46
BB619,04-17 13:50:00 > 04-17 15:50:00,04-17 19:48:16 > 04-17 21:48:16
BB620,04-17 18:28:00 > 04-17 20:28:00
BB621
BB622,04-17 18:40:00 > 04-17 20:40:00
BB623,04-17 11:50:00 > 04-17 13:44:00,04-18 07:44:55 > 04-18 09:08:55
BB624,04-17 08:30:00 > 04-17 10:30:00
BB701,04-18 02:38:00 > 04-18 04:38:00,04-19 05:02:46 > 04-19 07:02:46
BB702,04-17 14:36:00 > 04-17 16:36:00
BB703
BB704,04-17 12:07:00 > 04-17 14:07:00,04-20 07:07:58 > 04-20 09:07:58
BB705,04-18 05:23:00 > 04-18 08:11:00,04-19 22:53:37 > 04-20 00:17:37,04-23 03:54:04 > 04-23 05:18:04
BB706,04-17 13:11:00 > 04-17 15:11:00
BB707,04-17 12:48:00 > 04-17 14:48:00,04-18 02:19:36 > 04-18 05:13:36
BB708,04-17 19:05:00 > 04-17 21:05:00
BB709,04-17 11:06:00 > 04-17 13:06:00,04-18 07:49:08 > 04-18 09:49:08
BB710,04-17 08:30:00 > 04-17 10:30:00
BB711,04-18 00:04:00 > 04-18 02:04:00,04-19 09:53:25 > 04-19 11:53:25
BB712,04-17 22:04:00 > 04-18 00:04:00,04-18 13:03:39 > 04-18 15:03:39
BB713,04-17 09:42:00 > 04-17 11:42:00,04-21 09:08:54 > 04-21 11:08:54
BB714,04-17 13:49:00 > 04-17 15:43:00
BB715,04-17 16:51:00 > 04-17 18:45:00
BB716,04-17 20:34:00 > 04-17 22:34:00,04-18 13:19:49 > 04-18 15:19:49
BB717,04-20 06:28:25 > 04-20 08:28:25
BB718,04-17 16:53:00 > 04-17 18:47:00,04-18 14:16:29 > 04-18 16:16:29
BB719,04-17 13:14:00 > 04-17 15:14:00,04-17 22:19:25 > 04-18 00:19:25
BB720,04-17 17:18:00 > 04-17 19:18:00
BB721,04-17 17:14:00 > 04-17 19:14:00,04-18 13:09:27 > 04-18 15:09:27
BB722,04-17 22:34:00 > 04-18 00:34:00
BB723,04-17 09:46:00 > 04-17 11:10:00,04-18 17:01:05 > 04-18 18:25:05,04-20 07:06:42 > 04-20 08:30:42
BB724,04-17 19:43:00 > 04-17 21:43:00,04-18 10:42:39 > 04-18 12:42:39
BB725,04-17 08:44:00 > 04-17 10:44:00,04-21 08:10:54 > 04-21 10:10:54
BB726,04-21 08:08:54 > 04-21 10:08:54
BB728,04-17 12:45:00 > 04-17 14:45:00
BB729,04-17 19:01:00 > 04-17 20:55:00
BB730,04-17 17:01:00 > 04-17 18:55:00
BB731,04-17 10:19:00 > 04-17 12:19:00,04-21 20:08:54 > 04-21 22:08:54
BB732,04-17 11:54:00 > 04-17 13:54:00
BB733,04-18 05:30:00 > 04-18 08:18:00,04-23 10:08:44 > 04-23 11:32:44
BB734,04-17 14:07:00 > 04-17 16:07:00
BB735,04-17 19:01:00 > 04-17 20:55:00,04-18 03:24:49 > 04-18 06:18:49
BB736,04-17 19:14:00 > 04-17 21:14:00
BB737,04-17 20:39:00 > 04-17 22:39:00,04-18 05:08:49 > 04-18 07:08:49
BB738,04-17 18:05:00 > 04-17 20:05:00,04-18 15:34:29 > 04-18 17:34:29
BB745,04-17 09:28:00 > 04-17 11:22:00,04-20 12:02:55 > 04-20 13:26:55
BB747,04-17 16:12:00 > 04-17 18:12:00,04-18 13:41:29 > 04-18 15:41:29
BB748,04-22 07:12:00 > 04-22 09:12:00,04-24 14:07:56 > 04-24 16:25:56
BB749,04-17 18:15:00 > 04-17 20:09:00,04-18 15:38:29 > 04-18 17:38:29
BB750,04-18 00:37:00 > 04-18 02:31:00,04-19 02:27:31 > 04-19 04:27:31
BB751,04-17 11:16:00 > 04-17 13:16:00,04-19 23:08:17 > 04-20 01:08:17
BB752,04-17 20:49:00 > 04-17 22:49:00,04-18 05:18:49 > 04-18 07:18:49
BB753,04-17 10:35:00 > 04-17 11:59:00,04-21 09:25:54 > 04-21 11:25:54
BB754,04-17 15:25:00 > 04-17 17:25:00
BB755,04-17 18:52:00 > 04-17 21:46:00
BB756,04-18 01:34:00 > 04-18 03:34:00
BB757,04-21 09:35:54 > 04-21 11:35:54
BB758,04-17 08:30:00 > 04-17 10:30:00,04-20 00:47:56 > 04-20 02:11:56,04-20 14:25:48 > 04-20 15:49:48
BB759,04-17 08:30:00 > 04-17 10:30:00
BB760
BB761,04-17 18:31:00 > 04-17 20:31:00,04-18 03:00:49 > 04-18 05:00:49
BB762,04-17 19:30:00 > 04-17 21:30:00
BB763,04-17 11:31:00 > 04-17 13:31:00
BB764,04-17 14:40:00 > 04-17 16:40:00,04-18 05:39:39 > 04-18 07:39:39
BB765,04-18 07:00:00 > 04-18 09:48:00,04-22 14:05:41 > 04-22 15:29:41
BB766,04-17 11:02:00 > 04-17 13:02:00
BB767,04-17 11:01:00 > 04-17 13:01:00,04-18 20:09:58 > 04-18 21:33:58,04-19 22:01:42 > 04-19 23:25:42,04-21 06:34:40 > 04-21 08:34:40
BB768,04-17 09:16:00 > 04-17 11:16:00,04-21 08:42:54 > 04-21 10:42:54
BB769,04-17 17:04:00 > 04-17 19:04:00,04-18 08:03:39 > 04-18 10:03:39
BB770,04-17 20:11:00 > 04-17 22:11:00
BB771,04-17 11:23:00 > 04-17 12:47:00,04-20 06:47:43 > 04-20 08:47:43
BB772,04-17 13:27:00 > 04-17 15:27:00,04-17 22:32:25 > 04-18 00:32:25
BB773,04-17 14:47:00 > 04-17 16:41:00,04-18 05:40:39 > 04-18 07:40:39
BB774,04-17 17:43:00 > 04-17 19:43:00
BB775,04-17 13:45:00 > 04-17 15:45:00,04-18 02:23:07 > 04-18 05:17:07
BB778,04-17 15:24:00 > 04-17 17:24:00,04-17 23:53:49 > 04-18 02:47:49
BB779,04-17 17:15:00 > 04-17 19:15:00,04-18 13:19:37 > 04-18 15:19:37
BB780,04-17 11:31:00 > 04-17 12:55:00,04-20 08:07:10 > 04-20 10:07:10
BB781,04-17 17:33:00 > 04-17 19:27:00,04-18 01:56:49 > 04-18 03:56:49
BB782,04-17 20:26:00 > 04-17 22:26:00
BB783,04-17 14:51:00 > 04-17 16:51:00,04-18 14:31:58 > 04-18 16:31:58
BB784,04-17 21:17:00 > 04-17 23:17:00,04-18 13:26:17 > 04-18 15:26:17
BB785,04-17 23:53:00 > 04-18 01:53:00
BB786,04-17 08:30:00 > 04-17 09:54:00,04-20 01:41:55 > 04-20 03:05:55
BB787,04-17 08:30:00 > 04-17 09:54:00,04-21 07:20:54 > 04-21 09:20:54
BB788,04-17 09:24:00 > 04-17 11:24:00
BB789,04-17 12:12:00 > 04-17 14:12:00,04-20 09:30:40 > 04-20 11:30:40
BB790,04-17 18:40:00 > 04-17 20:34:00
BB791,04-18 04:25:00 > 04-18 07:19:00,04-21 12:52:52 > 04-21 14:16:52
BB801,04-17 08:30:00 > 04-17 10:30:00
BB803,04-17 11:18:00 > 04-17 13:12:00,04-18 05:33:26 > 04-18 15:31:21
BB804,04-17 16:21:00 > 04-17 18:21:00,04-18 05:04:51 > 04-18 15:02:01
BB805,04-18 00:19:00 > 04-18 02:19:00
BB806,04-17 11:01:00 > 04-17 12:55:00
BB807,04-17 16:27:00 > 04-17 18:27:00,04-18 05:10:51 > 04-18 15:04:01
BB808,04-17 08:30:00 > 04-17 10:30:00
BB809,04-17 11:42:00 > 04-17 13:42:00
BB810,04-17 13:16:00 > 04-17 15:16:00
BB811,04-17 08:30:00 > 04-17 10:30:00
BB812,04-17 11:32:00 > 04-17 13:32:00
BB813,04-17 15:37:00 > 04-17 17:37:00,04-18 04:08:17 > 04-18 14:50:01
BB814,04-17 17:45:00 > 04-17 19:45:00
BB815,04-18 10:55:35 > 04-18 12:55:35
BB816,04-17 16:58:00 > 04-17 18:58:00
BB817,04-17 11:15:00 > 04-17 13:09:00,04-18 15:53:52 > 04-18 17:47:52
BB818,04-17 23:31:00 > 04-18 01:31:00
BB819,04-17 10:35:00 > 04-17 12:29:00
BB821,04-17 11:16:00 > 04-17 13:16:00
BB822,04-17 15:58:00 > 04-17 22:35:00
BB823,04-18 04:13:00 > 04-18 06:13:00
BB824,04-17 12:52:00 > 04-17 14:52:00
BB825,04-17 08:30:00 > 04-17 10:30:00
BB826,04-18 04:22:00 > 04-18 06:22:00,04-18 15:46:04 > 04-18 17:10:04
BB827,04-17 08:30:00 > 04-17 10:30:00
BB828,04-17 08:30:00 > 04-17 10:30:00
BB831,04-17 09:01:00 > 04-17 10:55:00
BB832,04-17 11:03:00 > 04-17 13:03:00,04-18 04:01:07 > 04-18 13:02:41
BB833,04-17 16:29:00 > 04-17 18:29:00,04-18 05:16:43 > 04-18 15:16:01
BB834,04-17 12:25:00 > 04-17 14:19:00
BB835,04-17 12:41:00 > 04-17 14:41:00,04-18 01:53:00 > 04-18 03:17:00
BB836,04-17 12:49:00 > 04-17 14:49:00
BB837,04-17 12:46:00 > 04-17 14:46:00
BB838,04-17 11:27:00 > 04-17 13:21:00
BB839,04-17 13:23:00 > 04-17 18:12:00,04-17 19:20:57 > 04-18 13:06:38
BB840,04-17 10:37:00 > 04-17 12:37:00
BB841,04-17 08:30:00 > 04-17 10:24:00
BB842,04-17 08:30:00 > 04-17 10:30:00
BB843,04-17 13:29:00 > 04-17 15:29:00,04-18 13:00:35 > 04-18 15:00:35
BB844,04-18 05:34:00 > 04-18 07:34:00,04-19 02:06:18 > 04-19 03:30:18
BB845,04-17 08:30:00 > 04-17 10:30:00
BB846,04-17 13:22:00 > 04-17 15:22:00
BB848,04-17 12:26:00 > 04-17 14:26:00
BB849,04-17 11:26:00 > 04-17 13:26:00
BB850,04-17 13:23:00 > 04-17 15:23:00
BB851,04-17 17:15:00 > 04-17 19:15:00
BB852
BB853,04-17 21:31:00 > 04-17 23:31:00
BB854,04-17 10:39:00 > 04-17 12:39:00
BB855,04-17 08:30:00 > 04-17 10:24:00
BB856,04-17 22:11:00 > 04-18 00:11:00
BB857,04-18 14:55:00 > 04-18 16:55:00,04-19 02:11:09 > 04-19 03:35:09
BB858,04-18 00:08:00 > 04-18 02:08:00,04-18 09:42:37 > 04-18 11:36:37
BB859,04-17 12:32:00 > 04-17 14:32:00
BB860,04-17 09:59:00 > 04-17 11:53:00
BB861,04-17 16:09:00 > 04-17 18:09:00
BB862,04-17 15:01:00 > 04-17 17:01:00
BB863,04-17 10:04:00 > 04-17 12:04:00
BB864,04-17 10:47:00 > 04-17 12:47:00
BB865,04-17 14:24:00 > 04-17 16:24:00
BB866,04-18 03:25:00 > 04-18 05:25:00
BB867,04-17 11:11:00 > 04-17 13:11:00,04-18 05:30:20 > 04-18 15:17:41
BB868,04-17 09:38:00 > 04-17 11:38:00
BB869,04-17 08:31:00 > 04-17 10:31:00
BB870,04-17 21:04:00 > 04-17 23:04:00,04-18 12:30:38 > 04-18 14:24:38
BB871,04-17 09:28:00 > 04-17 11:28:00
BB872,04-17 08:30:00 > 04-17 10:30:00
BB873,04-17 12:40:00 > 04-17 14:40:00
BB874,04-17 15:16:00 > 04-17 17:16:00,04-18 14:39:51 > 04-18 16:39:51
BB875,04-17 14:10:00 > 04-17 16:10:00
BB876,04-17 12:24:00 > 04-17 14:24:00,04-18 01:41:20 > 04-18 03:05:20
BB877,04-17 14:43:00 > 04-17 16:43:00,04-18 03:22:36 > 04-18 05:22:36
BB878,04-17 22:17:00 > 04-18 00:17:00,04-18 13:43:38 > 04-18 15:37:38
BB879,04-17 08:30:00 > 04-17 10:30:00
BB880,04-17 11:28:00 > 04-17 13:22:00,04-18 00:39:20 > 04-18 02:03:20,04-18 13:15:21 > 04-18 14:39:21
BB881,04-17 11:10:00 > 04-17 13:10:00,04-18 10:33:54 > 04-18 12:33:54
BB882,04-17 20:51:00 > 04-17 22:51:00,04-18 12:17:38 > 04-18 14:11:38
BB883,04-17 09:21:00 > 04-17 11:21:00
BB884,04-17 15:59:00 > 04-17 17:59:00,04-18 09:51:03 > 04-18 11:51:03
BB885,04-17 15:38:00 > 04-17 17:38:00,04-18 04:17:59 > 04-18 15:02:01
BB886,04-17 16:06:00 > 04-17 18:06:00
BB887,04-18 04:22:00 > 04-18 06:22:00
BB888,04-17 10:10:00 > 04-17 12:10:00
BB889,04-17 15:01:00 > 04-17 17:01:00
BB890,04-17 18:21:00 > 04-17 20:21:00
BB891,04-17 09:29:00 > 04-17 11:29:00
BB892,04-18 14:02:00 > 04-18 16:02:00
BB893,04-18 03:58:00 > 04-18 05:58:00
BB894,04-17 16:21:00 > 04-17 22:53:00
BB895,04-18 11:29:00 > 04-18 13:29:00
BB896,04-18 04:58:00 > 04-18 06:58:00
BB897,04-17 14:44:00 > 04-17 16:44:00
BB898,04-17 13:50:00 > 04-17 15:50:00
BB899,04-17 21:34:00 > 04-17 23:34:00
BB900,04-17 12:31:00 > 04-17 14:25:00,04-18 01:42:20 > 04-18 11:11:38
BB901,04-17 08:30:00 > 04-17 10:30:00
BB902,04-17 09:08:00 > 04-17 11:02:00
BB903,04-18 05:58:00 > 04-18 07:58:00
BB904
BB905,04-17 12:53:00 > 04-17 14:53:00,04-18 13:27:41 > 04-18 14:51:41
BB906,04-17 12:32:00 > 04-17 14:32:00,04-18 12:56:01 > 04-18 14:50:01
BB907
BB908,04-17 16:51:00 > 04-17 18:45:00,04-17 18:46:14 > 04-17 20:10:14,04-19 18:24:50 > 04-19 19:48:50
BB909,04-17 08:58:00 > 04-17 10:58:00
BB910
BB911,04-17 08:42:00 > 04-17 10:42:00
BB912,04-17 08:30:00 > 04-17 10:30:00
BB914,04-17 08:30:00 > 04-17 10:30:00
BB915,04-17 14:01:00 > 04-17 16:01:00,04-18 02:33:15 > 04-18 11:18:51
BB916,04-17 16:42:00 > 04-17 18:42:00
BB917,04-17 20:20:00 > 04-17 22:20:00
BB918,04-17 12:52:00 > 04-17 14:52:00
BB919,04-17 13:51:00 > 04-17 15:51:00
BB920,04-17 12:38:00 > 04-17 14:38:00
BB921,04-18 00:58:00 > 04-18 02:58:00,04-18 21:46:08 > 04-18 23:10:08
BB922,04-17 08:30:00 > 04-17 10:30:00
BB923,04-17 18:52:00 > 04-17 20:52:00
BB924,04-17 08:30:00 > 04-17 10:30:00
BB925,04-18 00:43:00 > 04-18 02:43:00,04-19 06:55:12 > 04-19 08:19:12
BB926,04-17 12:38:00 > 04-17 14:38:00,04-18 13:02:01 > 04-18 14:56:01
BB929,04-17 09:40:00 > 04-17 11:40:00
BB930,04-17 11:55:00 > 04-17 13:55:00
BB931,04-17 09:08:00 > 04-17 11:08:00
BB932,04-17 11:14:00 > 04-17 13:14:00
BB933,04-17 11:44:00 > 04-17 13:44:00,04-18 01:01:20 > 04-18 02:25:20
BB938,04-18 05:55:00 > 04-18 07:55:00
BBA01,04-17 23:06:00 > 04-18 01:06:00
BBA02,04-17 16:34:00 > 04-17 18:34:00
BBA03,04-17 16:01:00 > 04-17 17:55:00
BBA04,04-18 04:00:00 > 04-18 06:32:24
BBA05,04-17 09:22:00 > 04-17 15:08:00,04-18 09:29:48 > 04-18 11:29:48
BBA06,04-17 15:57:00 > 04-17 17:57:00
BBA07
BBA08,04-17 18:52:00 > 04-17 20:52:00
BBA09,04-18 04:09:00 > 04-18 06:32:24
BBA10,04-17 10:47:00 > 04-17 12:47:00
BBA11,04-18 06:02:00 > 04-18 08:02:00
BBA12,04-17 22:42:00 > 04-18 00:42:00
BBA13,04-17 18:23:00 > 04-17 20:23:00
BBA14,04-17 08:30:00 > 04-17 12:30:00,04-18 04:19:09 > 04-18 07:05:03
BBA15,04-17 14:59:00 > 04-17 16:59:00,04-18 03:52:10 > 04-18 06:04:31
BBA16,04-17 09:34:00 > 04-17 16:13:00
BBA17,04-17 20:36:00 > 04-17 22:36:00
BBA18,04-17 10:41:00 > 04-17 12:41:00
BBA19,04-17 11:16:00 > 04-17 13:16:00
BBA20,04-17 19:48:00 > 04-17 21:48:00
BBA22,04-17 11:09:00 > 04-17 13:09:00
BBA23,04-18 02:34:00 > 04-18 04:34:00
BBA24,04-17 20:56:00 > 04-17 22:56:00
BBA25,04-18 06:05:00 > 04-18 08:05:00
BBA26,04-18 02:29:00 > 04-18 04:29:00
BBA27,04-17 08:30:00 > 04-17 10:30:00
BBA28,04-17 15:57:00 > 04-17 17:57:00
BBA29,04-17 16:51:00 > 04-17 18:51:00
BBA30,04-18 02:39:00 > 04-18 04:39:00
BBA31,04-17 14:47:00 > 04-17 21:35:00
BBB01,04-17 22:58:00 > 04-18 00:58:00
BBB02,04-17 20:19:00 > 04-17 22:19:00
BBB03,04-17 10:12:00 > 04-17 12:12:00
BBB04,04-17 18:23:00 > 04-17 20:23:00,04-17 23:14:59 > 04-18 01:14:59,04-18 15:54:10 > 04-18 17:54:10
BBB05,04-18 03:27:00 > 04-18 05:27:00
BBB06,04-17 12:44:00 > 04-17 14:44:00,04-20 09:09:24 > 04-20 11:09:24
BBB08,04-17 18:51:00 > 04-17 20:51:00
BBB09,04-17 15:42:00 > 04-17 17:42:00,04-18 00:11:49 > 04-18 02:11:49
BBB10,04-17 13:22:00 > 04-17 15:22:00
BBB11,04-18 05:17:00 > 04-18 08:05:00,04-21 13:01:02 > 04-21 14:25:02
BBB12,04-18 01:07:00 > 04-18 03:07:00,04-19 03:20:15 > 04-19 05:20:15
BBB13,04-17 17:32:00 > 04-17 20:26:00
BBB14,04-17 14:09:00 > 04-17 16:09:00
BBB15,04-17 08:30:00 > 04-17 10:30:00
BBB16,04-17 13:33:00 > 04-17 15:33:00
BBB17,04-17 20:04:00 > 04-17 22:04:00
BBB18,04-17 19:59:00 > 04-17 21:59:00
BBB19,04-17 22:51:00 > 04-18 00:51:00,04-19 08:56:38 > 04-19 10:56:38
BBB20
BBB21,04-17 16:30:00 > 04-17 18:24:00
BBB22,04-17 08:58:00 > 04-17 10:58:00,04-20 11:38:55 > 04-20 13:02:55
BBB23,04-17 11:22:00 > 04-17 13:22:00
BBB24,04-17 18:23:00 > 04-17 20:17:00
BBB25,04-17 23:34:00 > 04-18 01:34:00,04-19 09:09:49 > 04-19 11:09:49
BBB26,04-18 03:48:00 > 04-18 05:48:00,04-19 13:13:21 > 04-19 15:13:21
BBB27,04-17 20:48:00 > 04-17 22:48:00
BBB28,04-17 22:08:00 > 04-18 00:08:00
BBB29,04-17 10:51:00 > 04-17 12:51:00,04-21 10:17:54 > 04-21 12:17:54
BBB30,04-17 14:05:00 > 04-17 16:05:00
BBB31,04-17 19:58:00 > 04-17 21:52:00
BBB32,04-17 10:25:00 > 04-17 12:25:00,04-18 09:10:58 > 04-18 10:34:58,04-18 22:48:51 > 04-19 00:12:51,04-21 14:30:47 > 04-21 16:30:47
BBB33,04-17 13:37:00 > 04-17 15:31:00,04-17 22:36:25 > 04-18 00:36:25
BBB34,04-17 23:43:00 > 04-18 01:43:00,04-19 09:53:52 > 04-19 11:53:52
BBB35,04-17 12:42:00 > 04-17 14:42:00
BBB36
BBC01,04-17 21:08:00 > 04-17 23:02:00
BBC02,04-17 12:45:00 > 04-17 14:39:00
BBC04,04-17 20:33:00 > 04-17 22:27:00
BBC05,04-17 14:16:00 > 04-17 16:10:00
BBC06
BBC07,04-17 19:08:00 > 04-17 21:02:00
BBC08,04-17 21:15:00 > 04-17 23:09:00
BBC09,04-17 14:20:00 > 04-17 16:20:00
BBC10
BBC11,04-17 16:34:00 > 04-17 18:28:00
BBC12,04-17 21:37:00 > 04-17 23:31:00
BBC13
BBC14
BBC15
BBC16,04-17 13:00:00 > 04-17 14:54:00
BBC17
BBC18
BBC19,04-17 13:29:00 > 04-17 15:23:00
BBC20,04-17 09:15:00 > 04-17 12:30:00
BBC21,04-17 13:19:00 > 04-17 15:13:00
BBC22
BBC23
BBC24,04-17 22:44:00 > 04-18 00:38:00
BBC25
BBC26
BBC27,04-17 13:48:00 > 04-17 15:48:00
BBC28,04-17 14:02:00 > 04-17 15:56:00
BBC29
BBC30,04-17 15:14:00 > 04-17 17:08:00
BBC31
BBC32,04-17 13:56:00 > 04-17 15:50:00
BBC33
BBC34
BBC35
BBC36,04-17 08:30:00 > 04-17 12:30:00
BBC37,04-17 18:38:00 > 04-17 20:32:00
BBC38
BBC39,04-17 20:42:00 > 04-17 22:36:00
BBC40
BBC41,04-17 15:28:00 > 04-17 17:22:00
BBC42,04-17 16:14:00 > 04-17 18:08:00
BBC43,04-17 20:47:00 > 04-17 22:41:00
BBC44,04-17 09:01:00 > 04-17 10:55:00
BBC45
BBC46,04-17 14:40:00 > 04-17 16:40:00
BBC47,04-17 17:11:00 > 04-17 19:05:00
BBC48,04-17 20:00:00 > 04-17 21:54:00
BBC49,04-17 16:59:00 > 04-17 18:53:00
BBC50,04-17 17:09:00 > 04-17 19:09:00
BBC51,04-17 14:30:00 > 04-17 16:24:00
BBC52,04-17 14:48:00 > 04-17 16:42:00
BBC53
BBC54,04-17 21:50:00 > 04-17 23:44:00
BBC55
BBC56,04-17 18:21:00 > 04-17 20:15:00
BBC57
BBC58
BBD01,04-17 08:30:00 > 04-17 10:30:00,04-18 14:47:01 > 04-18 16:47:01
BBD02,04-17 10:52:00 > 04-17 12:52:00,04-18 03:19:32 > 04-18 05:19:32
BBD03,04-17 11:47:00 > 04-17 13:47:00
BBD04,04-17 08:30:00 > 04-17 10:30:00
BBD05,04-17 18:31:00 > 04-17 20:25:00,04-18 18:23:07 > 04-18 20:17:07
BBD06,04-17 09:35:00 > 04-17 12:30:00,04-18 02:57:32 > 04-18 04:57:32
BBD07
BBD08
BBD09
BBD11,04-17 23:22:00 > 04-18 01:16:00
BBD12,04-17 10:53:00 > 04-17 12:53:00
BBD13,04-17 12:22:00 > 04-17 14:22:00
BBD14,04-17 12:50:00 > 04-17 14:44:00
BBD15,04-18 07:32:00 > 04-18 09:32:00,04-19 21:24:36 > 04-19 22:48:36,04-20 20:45:58 > 04-20 22:09:58,04-22 11:53:03 > 04-22 13:17:03
BBD16,04-17 08:30:00 > 04-17 10:30:00,04-18 14:59:18 > 04-18 16:59:18
BBD17,04-17 15:22:00 > 04-17 21:48:00
BBD20,04-17 09:31:00 > 04-17 15:47:00
BBD22,04-17 18:12:00 > 04-17 20:06:00
BBD23,04-17 11:35:00 > 04-17 13:35:00
BBD24,04-17 09:08:00 > 04-17 12:30:00
BBD35,04-17 08:30:00 > 04-17 12:30:00
BBD36,04-17 09:31:00 > 04-17 12:30:00
BBD37,04-17 14:06:00 > 04-17 20:38:00
BBD38,04-17 08:30:00 > 04-17 10:30:00
BBD39,04-18 09:28:00 > 04-18 11:28:00,04-18 11:39:00 > 04-18 13:03:00,04-19 11:00:22 > 04-19 12:24:22
BBD40,04-17 14:15:00 > 04-17 20:42:00
BBD41,04-17 08:30:00 > 04-17 10:30:00,04-17 10:36:00 > 04-17 12:30:00
BBD42,04-17 10:38:00 > 04-17 12:38:00,04-18 03:00:43 > 04-18 05:00:43
BBD43,04-17 20:40:00 > 04-17 22:34:00,04-18 13:12:45 > 04-18 15:06:45
BBD44,04-17 14:33:00 > 04-17 21:16:00
BBD48
BBD49,04-17 22:44:29 > 04-18 00:08:29
BBD50,04-17 13:07:00 > 04-17 18:01:00
BBD51,04-17 08:30:00 > 04-17 12:30:00
BBD52,04-17 12:31:00 > 04-17 14:31:00
BBD53,04-17 19:59:00 > 04-17 21:53:00
BBD54,04-17 15:54:00 > 04-17 17:48:00
BBD56,04-17 16:22:00 > 04-17 23:49:00
BBD57,04-17 08:30:00 > 04-17 12:30:00
BBD58
BBD59,04-17 20:19:00 > 04-17 22:13:00
BBD60
BBD61,04-18 07:24:00 > 04-18 09:24:00,04-20 14:56:16 > 04-20 16:20:16
BBD62,04-17 12:59:00 > 04-17 14:53:00
BBD64,04-17 15:23:00 > 04-17 22:19:00
BBD65,04-17 18:47:00 > 04-17 20:41:00
BBD66,04-17 17:54:00 > 04-17 19:48:00
BBD67,04-18 07:05:00 > 04-18 09:05:00,04-19 13:26:22 > 04-19 14:50:22,04-20 23:57:29 > 04-21 01:21:29
BBD81,04-17 08:30:00 > 04-17 10:30:00,04-18 15:25:05 > 04-18 17:25:05
BBF60
BBF61
BBF62
BBF63
BBF64
BBF65
BBF66,04-17 08:59:00 > 04-17 10:53:00
BBF68,04-17 14:35:00 > 04-17 16:29:00
BBF69
BBF70
BBF71
BBF72
BBF73,04-17 15:21:00 > 04-17 17:15:00
BBF74,04-17 12:52:00 > 04-17 14:46:00
BBF75
BBH08
BBH09
BBH10
BBH11
BBH12
BBH13
BBH14
BBH15
BBH16
BBH17
BBH18
BBH19
BBH20
BBH21
BBH22
BBH23
BBH24
BBH25
BBH26
BBH27
BBH28
BBH29
BBH30
BBH31
BBH32
BBH33
BBH34
BBH35
BBH36
BBH37
BBH38
BBH39
BBH40
BBH41
BBH42
BBH43
BBH44
BBH45
BBH46
BBH47
BBH48
BBH49
BBH50
BBH51
BBH52
BBH53
BBH54
BBH55
BBH56
BBH57
BBH58
BBH59
BBH60
BBH61
BBH62
BBH63
BBH64
BBH65
BBH67
BBH68
BBH69
BBH70
BBH96
BBH97
BBH98
BBH99
BBJ01,04-17 10:02:00 > 04-17 12:30:00
BBJ02,04-17 08:30:00 > 04-17 10:24:00
BBJ03,04-17 18:26:00 > 04-17 20:26:00
BBK16
BBK17
BBK27
BBK28
BBK29
BBK30,04-17 17:11:00 > 04-17 19:05:00
BBK31
BBK32,04-17 16:16:00 > 04-17 18:10:00
BBK33,04-17 16:03:00 > 04-17 17:57:00
BBK34
BBK35,04-17 17:25:00 > 04-17 19:19:00
BBK36
BBK37
BBK38,04-17 08:30:00 > 04-17 10:24:00
BBK39,04-17 17:13:00 > 04-17 19:07:00
BBK40,04-17 08:30:00 > 04-17 10:24:00
BBK41
BBK42
BBK43,04-17 08:30:00 > 04-17 10:24:00
BBK44,04-17 08:30:00 > 04-17 12:30:00
BBL01,04-17 23:27:00 > 04-18 01:21:00
BBL02,04-17 14:52:00 > 04-17 21:46:00
BBL03,04-17 10:39:00 > 04-17 16:23:00
BBL04,04-17 17:32:00 > 04-17 19:26:00
BBL16
BBL17,04-17 08:30:00 > 04-17 10:30:00,04-18 15:20:16 > 04-18 17:20:16
BBL18
BBL19
BBL20,04-17 13:00:00 > 04-17 14:54:00,04-18 12:51:21 > 04-18 14:15:21
BBL21,04-17 10:45:00 > 04-17 12:45:00
BBM01
BBM02
BBM04
BBM05
BBM07
BBR01,04-18 05:49:00 > 04-18 07:49:00
BBR02,04-17 16:12:00 > 04-17 18:12:00
BBR03,04-17 22:48:00 > 04-18 00:48:00
BBR04
BBR05,04-17 11:52:00 > 04-17 13:46:00
BBR06,04-17 18:42:00 > 04-17 20:42:00
BBR07,04-17 14:23:00 > 04-17 16:23:00
BBR08,04-17 12:28:00 > 04-17 14:22:00,04-18 19:36:42 > 04-18 21:00:42
BBR09,04-17 20:53:00 > 04-17 22:53:00
BBR10,04-17 16:01:00 > 04-17 18:01:00,04-17 18:47:37 > 04-17 20:47:37
BBR11,04-17 18:02:00 > 04-17 20:02:00
BBR12
BBR13,04-17 20:19:00 > 04-17 22:19:00
BBR14
BBR15,04-17 19:16:00 > 04-17 21:16:00
BBR16,04-17 14:13:00 > 04-17 16:13:00
BBR17
BBR18,04-17 19:12:00 > 04-17 21:12:00
BBR19,04-17 10:53:00 > 04-17 12:53:00
BBR20,04-17 10:28:00 > 04-17 12:30:00
BBR21,04-17 12:25:00 > 04-17 14:25:00,04-18 17:53:01 > 04-18 19:17:01
BBR23,04-17 13:47:00 > 04-17 15:47:00
BBR24,04-17 11:11:00 > 04-17 13:11:00
BBR25,04-17 14:22:00 > 04-17 16:22:00
BBR26,04-17 22:09:00 > 04-18 00:09:00,04-18 00:19:40 > 04-18 02:19:40
BBR27,04-17 14:23:00 > 04-17 16:23:00
BBR28,04-17 11:25:00 > 04-17 13:25:00,04-18 05:05:03 > 04-18 07:05:03
BBR29,04-17 20:35:00 > 04-17 22:35:00
BBR30,04-18 02:19:00 > 04-18 04:19:00
BBR31,04-17 09:02:00 > 04-17 12:30:00,04-18 04:32:24 > 04-18 06:32:24
BBR32,04-17 17:09:00 > 04-17 19:09:00
BBR33,04-17 11:53:00 > 04-17 13:53:00
BBR34
BBR35,04-17 12:12:00 > 04-17 14:12:00
BBR36
BBR37,04-17 12:45:00 > 04-17 14:39:00,04-18 05:16:21 > 04-18 06:40:21
BBR38
BBR39
BBR40,04-17 12:53:00 > 04-17 14:53:00,04-17 15:02:55 > 04-17 16:26:55
BBR41,04-17 10:32:00 > 04-17 12:32:00
BBR42,04-18 04:32:24 > 04-18 06:32:24
BBR43
BBR44,04-17 13:08:00 > 04-17 15:08:00
BBR45,04-17 21:49:00 > 04-17 23:49:00
BBS01,04-17 17:41:00 > 04-17 19:41:00,04-18 05:11:33 > 04-18 15:16:01
BBS02,04-17 09:49:00 > 04-17 11:49:00
BBS04,04-17 09:39:00 > 04-17 12:30:00
BBS05,04-17 08:56:00 > 04-17 10:56:00,04-18 12:21:36 > 04-18 14:21:36
BBS06,04-17 10:53:00 > 04-17 12:53:00,04-18 04:14:48 > 04-18 14:56:01
BBS07,04-17 10:16:00 > 04-17 12:30:00
BBS08,04-18 02:01:00 > 04-18 04:01:00
BBS09,04-17 08:30:00 > 04-17 10:30:00
BBS10,04-17 18:12:00 > 04-17 20:12:00
BBU01,04-17 08:30:00 > 04-17 10:24:00
BBU02
BBU03
BBU04
BBU05,04-17 12:05:00 > 04-17 14:05:00
BBU06,04-17 08:53:00 > 04-17 10:47:00
BBU08,04-17 15:09:00 > 04-17 17:09:00
BBU09,04-17 08:30:00 > 04-17 10:30:00
BBU10,04-17 12:16:00 > 04-17 14:16:00
BBU11,04-17 17:53:00 > 04-17 19:53:00
BBU12
BBU13
BBU14
BBU15
BBU16,04-17 09:36:00 > 04-17 11:30:00
BBU17
BBU18,04-17 10:37:00 > 04-17 12:31:00
BBU19
BBU21,04-17 08:30:00 > 04-17 10:24:00
BBU22
BBU23,04-17 09:33:00 > 04-17 11:27:00
BBU24
BBU25,04-17 11:10:00 > 04-17 13:10:00
BBU26
BBU27
BBU28,04-17 11:20:00 > 04-17 13:20:00
BBU29,04-17 18:15:00 > 04-17 20:15:00
BBU30,04-17 11:32:00 > 04-17 13:32:00
BBU31,04-17 12:16:00 > 04-17 14:16:00
BBU33,04-17 12:49:00 > 04-17 14:49:00
BBU34
BBU35
BBU36
BBU37,04-17 11:25:00 > 04-17 13:25:00
BBU38
BBU39,04-17 17:33:00 > 04-17 19:33:00
BBU41
BBU42
BBU43,04-17 08:30:00 > 04-17 10:24:00
BBU44,04-17 15:15:00 > 04-17 17:15:00
BBU45
BBU46
BBU47,04-17 11:33:00 > 04-17 13:33:00
BBU49,04-17 09:51:00 > 04-17 11:45:00
BBU50
BBU51
BBU52,04-17 08:30:00 > 04-17 10:24:00
BBU54
BBU55
BBU56,04-17 12:52:00 > 04-17 14:52:00
BBU57,04-17 08:30:00 > 04-17 10:24:00
BBU58,04-17 14:26:00 > 04-17 16:26:00
BBU59
BBU60
BBU61,04-17 14:11:00 > 04-17 16:11:00
BBU62,04-17 14:57:00 > 04-17 16:57:00
BBU63,04-17 14:03:00 > 04-17 16:03:00
BBU64,04-17 14:06:00 > 04-17 16:06:00
BBU65,04-17 10:59:00 > 04-17 12:59:00
BBU66
BBU67,04-17 09:55:00 > 04-17 11:55:00
BBU68
BBU69
BBU70,04-17 15:55:00 > 04-17 17:19:00
